id,title,category,subcategory,problem_text,solution_text,source,created_at,hint_text
1,Will the sheep survive with 100 tigers on the island?,brain_teasers,,"A magical island contains 100 tigers and 1 sheep, along with abundant grass. Tigers can consume grass but prefer to eat sheep. The island operates under two rules: (A) Only one tiger can eat one sheep at a time, and after eating, that tiger transforms into a sheep. (B) All tigers are perfectly intelligent, rational, and prioritize their own survival. Under these conditions, will the sheep be eaten?","To analyze this, let's examine smaller cases first. If there is only 1 tiger (n = 1), it will eat the sheep since there is no risk of being eaten afterward. With 2 tigers (n = 2), each tiger realizes that eating the sheep would turn it into a sheep, leaving the other tiger to eat it. Thus, neither tiger will eat the sheep to ensure survival. For 3 tigers (n = 3), one tiger will eat the sheep because it knows that after transforming, there will be 2 tigers left, and it won't be eaten. This logic continues: if the number of tigers is even, the sheep will not be eaten, as any tiger eating it would become vulnerable to the remaining odd number of tigers. Conversely, if the number is odd, the sheep will be eaten, as the first tiger can safely eat it without immediate retaliation. Since 100 is an even number, the sheep will not be eaten.

Valid Answers: No",green_book,2026-05-03 19:56:08.862229+00,Consider smaller cases first to identify a pattern. What happens when there is only 1 tiger? How does the outcome change with 2 tigers? Focus on the parity (odd/even) of the number of tigers and how it affects their decisions.
2,Optimal River Crossing Strategy,brain_teasers,Logic Reasoning,"Four individuals—A, B, C, and D—must cross a river using a narrow bridge that can only support two people at once. They possess a single torch, which is required for any crossing. The group moves at the pace of the slower person in each pair. Crossing times are as follows: A takes 10 minutes, B takes 5 minutes, C takes 2 minutes, and D takes 1 minute. What is the shortest possible total time required for all four to reach the opposite bank?","The optimal strategy involves minimizing the time spent by the slowest individuals (A and B) on the bridge. First, the two fastest individuals (C and D) cross together, taking 2 minutes. Next, the fastest (D) returns with the torch, adding 1 minute. Then, the two slowest (A and B) cross together, taking 10 minutes. After this, the second-fastest (C) returns with the torch, adding 2 minutes. Finally, C and D cross again, taking another 2 minutes. The total time sums to 2 + 1 + 10 + 2 + 2 = 17 minutes.

Alternatively, after the initial crossing by C and D, D could return instead of C. The sequence would then be: C and D cross (2 min), D returns (1 min), A and B cross (10 min), D returns (1 min), and C and D cross again (2 min), also totaling 17 minutes.

Valid Answers: 17",green_book,2026-05-03 19:56:08.862229+00,"Focus on minimizing the time spent by the slowest individuals on the bridge. Consider how the fastest individuals can be used to shuttle the torch back efficiently, reducing the total crossing time."
3,Deduction Puzzle: Determining the Boss's Birthday,brain_teasers,Logic Reasoning,"Your boss A’s birthday is one of these 10 possible dates:
Mar 4, Mar 5, Mar 8
Jun 4, Jun 7
Sep 1, Sep 5
Dec 1, Dec 2, Dec 8

A tells you only the month of their birthday, while informing colleague Conly only the day. Afterward, you state: ""I don’t know A’s birthday; Conly doesn’t know it either."" Upon hearing this, Conly replies: ""I didn’t know A’s birthday initially, but now I do."" You then say: ""Now I know it too."" Based on these exchanges and the list of dates, what did the administrative assistant record as A’s birthday?","The key is to analyze the logical implications of each statement made in sequence.

Let D represent the day of A’s birthday, where D ∈ {1, 2, 4, 5, 7, 8}. If the birthday were on a unique day (e.g., 2 or 7), Conly would have known the exact date immediately upon hearing the day. However, since you are certain that Conly does not know the birthday, the day cannot be 2 or 7. This eliminates June and December as possible months, because if the month were June, the day could have been 2, and if it were December, the day could have been 7.

Now, Conly knows the month must be either March or September. Since Conly can now deduce the birthday, the day must be unique within these two months. This rules out Mar 5 and Sep 5, leaving only Mar 4, Mar 8, and Sep 1 as possibilities.

Among these, Mar 4 and Mar 8 share the same month. If the month were March, you would still be unable to determine the exact date. Since you are now able to deduce the birthday, the month must be September, leaving Sep 1 as the only remaining option. Thus, the administrative assistant recorded Sep 1 as A’s birthday.

Valid Answers: Sep 1",green_book,2026-05-03 19:56:08.862229+00,"Focus on the days that are unique across all dates. If Conly had been told one of those days, they would have known the birthday immediately. Use this to eliminate months where such a day exists, narrowing down the possibilities."
4,Optimal Bidding Strategy for Casino Card Game,brain_teasers,Logic Reasoning,"A casino runs a card game with a standard 52-card deck. In each round, two cards are revealed. If both are black, they go to the dealer’s pile; if both are red, they go to your pile; if one is black and one is red, the pair is discarded. This continues until all cards are processed. You win $100 if your pile has more cards than the dealer’s at the end; otherwise (including ties), you get nothing. The casino lets you set the price to play. What is the maximum amount you should be willing to pay to participate in this game?","This game is designed to be unwinnable. Regardless of how the cards are arranged, the number of cards in your pile will always equal the number in the dealer’s pile. Here’s why: every discarded pair consists of one black and one red card, so the remaining cards must preserve the original balance of 26 red and 26 black cards. Since your pile only gains red cards and the dealer’s pile only gains black cards, the counts in both piles will always match. Therefore, you can never have more cards than the dealer, making the game a guaranteed loss. As a result, the rational decision is to pay nothing to play.

Valid Answers: 0",green_book,2026-05-03 19:56:08.862229+00,Consider the total number of red and black cards in the deck and how the discarding rules affect the remaining cards. Think about whether the piles can ever be unequal in size after all pairs are processed.
5,Measuring 45 Minutes with Two Uneven Ropes,brain_teasers,Logic Reasoning,"You are given two ropes, each of which takes exactly one hour to burn completely. However, the ropes are non-uniform, meaning different sections may burn at different rates. How can you measure exactly 45 minutes using only these two ropes and a way to light them?","This is a classic logic puzzle. For any rope that burns in x minutes, lighting both ends simultaneously will cause it to burn out in x/2 minutes. Here’s the step-by-step approach:

1. Light both ends of the first rope and one end of the second rope at the same time.
2. After 30 minutes, the first rope will have completely burned out (since it was lit at both ends). At this point, the second rope has been burning for 30 minutes from one end, so it has 30 minutes of burn time remaining.
3. Immediately light the other end of the second rope. Now, it will burn out in half of the remaining 30 minutes, which is 15 minutes.
4. The total time elapsed when the second rope burns out is 30 + 15 = 45 minutes.

Valid Answers: 45 minutes

Defective ball
You have 12 identical balls. One of the balls is either heavier or lighter than the rest (you don’t know which). Using only a balance scale that can indicate which side is heavier, how can you identify the defective ball in just three weighings?",green_book,2026-05-03 19:56:08.862229+00,"Focus on dividing the balls into groups and using the balance scale to narrow down possibilities. Remember, each weighing can give you three outcomes: left heavier, right heavier, or balanced, which can help you systematically eliminate groups of balls."
6,Locating the Odd Ball Among Twelve with a Balance Scale,brain_teasers,Logic Reasoning,"You have 12 identical-looking balls, one of which is either heavier or lighter than the others (you don’t know which). Using only a balance scale that can indicate which side is heavier, how can you identify the defective ball in exactly three weighings?","This problem is a classic logic puzzle often used in interviews. The approach relies on dividing the balls into three groups at each step rather than two, since comparing two groups inherently provides information about the third. Below is a step-by-step method to isolate the defective ball in three weighings.

Label the balls from 1 to 12. For the first weighing, compare balls 1, 2, 3, 4 against balls 5, 6, 7, 8. There are two possible outcomes:

1. **The two groups balance (1,2,3,4 = 5,6,7,8):**
   - The defective ball must be among 9, 10, 11, or 12, and its weight difference (heavier or lighter) is unknown.
   - For the second weighing, compare balls 9, 10, 11 against balls 1, 2, 3 (known normal balls).
     - If 9,10,11 = 1,2,3, then ball 12 is defective. The third weighing (comparing 12 to any normal ball) will reveal whether it is heavier or lighter.
     - If 9,10,11 ≠ 1,2,3, the direction of imbalance indicates whether the defective ball among 9,10,11 is heavier or lighter. For the third weighing, compare 9 against 10:
       - If 9 = 10, then 11 is defective, and its weight difference is determined by the second weighing.
       - If 9 ≠ 10, the heavier or lighter ball is identified based on the second weighing’s imbalance direction.

2. **The two groups do not balance (e.g., 1,2,3,4 < 5,6,7,8):**
   - The defective ball is either among 1,2,3,4 (lighter) or among 5,6,7,8 (heavier). Balls 9,10,11,12 are normal.
   - For the second weighing, compare balls 1,2,5 against balls 3,6,9 (where 9 is known normal).
     - If 1,2,5 = 3,6,9, then the defective ball is among 4 (lighter) or 7,8 (heavier). For the third weighing, compare 7 against 8:
       - If 7 = 8, then 4 is defective and lighter.
       - If 7 ≠ 8, the heavier one is defective.
     - If 1,2,5 < 3,6,9, then either 1 or 2 is lighter, or 6 is heavier. For the third weighing, compare 1 against 2:
       - If 1 = 2, then 6 is defective and heavier.
       - If 1 ≠ 2, the lighter one is defective.
     - If 1,2,5 > 3,6,9, then either 3 is lighter or 5 is heavier. For the third weighing, compare 3 against a normal ball:
       - If 3 is lighter, it is defective.
       - If 3 balances, then 5 is defective and heavier.

By systematically narrowing down the possibilities at each step, the defective ball can be identified in exactly three weighings. The symmetry of the problem ensures that all cases are covered without ambiguity.

Valid Answers: The defective ball is identified in three weighings as described above.",green_book,2026-05-03 19:56:08.862229+00,"Focus on dividing the balls into three groups for each weighing, as this maximizes the information gained from each comparison. The key is to design the weighings so that each outcome (left heavier, right heavier, or balanced) provides a distinct clue about where the odd ball could be and whether it's heavier or lighter."
7,Counting trailing zeros in 100 factorial,brain_teasers,Logic Reasoning,How many trailing zeros does the number 100! (100 factorial) contain?,"The number of trailing zeros in 100! is determined by the number of times the product can be divided by 10, which requires pairs of factors 2 and 5. Since there are far more factors of 2 than 5 in the prime factorization of 100!, the count of trailing zeros is dictated by the count of 5s.

Within the range from 1 to 100, there are 20 integers divisible by 5 (5, 10, ..., 100). Among these, 4 numbers (25, 50, 75, 100) are divisible by 25 (5²), contributing an additional factor of 5 each. Thus, the total number of 5s in the prime factorization of 100! is 20 + 4 = 24, resulting in 24 trailing zeros.

Valid Answers: 24

Horse race
There are 25 horses, each of which runs at a constant speed that is different from the other horses'. Since the track only has 5 lanes, each race can have at most 5 horses. If you need to find the 3 fastest horses, what is the minimum number of races needed to identify them?",green_book,2026-05-03 19:56:08.862229+00,"Start by racing all 25 horses in groups of 5 to determine their relative rankings within each group. Then, focus on how to efficiently narrow down the candidates for the top 3 positions using the fewest additional races."
8,Determining the Three Fastest Horses with Minimal Races,brain_teasers,Logic Reasoning,"There are 25 horses, each running at a unique constant speed. A track with only 5 lanes allows races of up to 5 horses at a time. What is the smallest number of races required to definitively determine the three fastest horses?","The solution requires a structured elimination process to identify the top three horses with the fewest races. First, divide the 25 horses into 5 groups of 5 (e.g., Group 1: 1-5, Group 2: 6-10, Group 3: 11-15, Group 4: 16-20, Group 5: 21-25). Conduct 5 races, one for each group, to determine the relative speeds within each group. Assume, without loss of generality, that the fastest horse in each group is the one with the lowest number (e.g., horse 1 wins Group 1, horse 6 wins Group 2, etc.).

Next, race the 5 group winners (horses 1, 6, 11, 16, 21) in a 6th race. Assume the result is horse 1 > horse 6 > horse 11 > horse 16 > horse 21. This race reveals that horses 16 and 21 cannot be in the top three overall, as they are slower than at least three other horses. Similarly, all horses slower than the 3rd-place finisher in their original groups (e.g., horses 4-5 in Group 1, 9-10 in Group 2, etc.) are eliminated.

Now, the only candidates for the top three are:
- The top three from the 6th race (horses 1, 6, 11),
- The 2nd and 3rd place horses from the group of the 6th race winner (horses 2, 3 from Group 1),
- The 2nd place horse from the group of the 2nd place finisher in the 6th race (horse 7 from Group 2).

A 7th race among horses 2, 3, 6, 7, and 11 will determine the 2nd and 3rd fastest horses overall. Thus, the minimum number of races required is 7.

Valid Answers: 7",green_book,2026-05-03 19:56:08.862229+00,Start by organizing the horses into groups and racing them to establish relative rankings within each group. Focus on how the winners of these initial races can help you narrow down the candidates for the top three positions efficiently.
9,Solving an Infinite Recursive Equation,brain_teasers,Logic Reasoning,"Given the infinite recursive expression x /\ x /\ x /\ x /\ x · · · = 2, where x /\ y is defined as x^y, determine the value of x.","At first glance, this problem seems complex, but a closer examination reveals a straightforward solution. Starting from the given equation:

$$\lim_{n \to \infty} \underbrace{x /\ x /\ \cdots /\ x}_{n \text{ terms}} = 2,$$

we observe that the limit remains unchanged if we add or remove one term in the infinite sequence. This implies:

$$\lim_{n \to \infty} \underbrace{x /\ x /\ \cdots /\ x}_{n \text{ terms}} = x /\ \left( \lim_{n \to \infty} \underbrace{x /\ x /\ \cdots /\ x}_{n-1 \text{ terms}} \right) = x /\ 2 = 2.$$ 

Since x /\ y = x^y, substituting the known value gives:

$$x^2 = 2.$$ 

Solving for x yields:

$$x = \sqrt{2}.$$ 

Valid Answers: sqrt(2)

2.3 Thinking Out of the Box
Box packing
Can you pack 53 bricks of dimensions 1x1x4 into a 6 x 6 x 6 box?",green_book,2026-05-03 19:56:08.862229+00,Focus on the property of the infinite expression—removing or adding one term shouldn't change its value. How can you use this to relate the entire expression to a simpler equation involving x?
10,Fitting 1x1x4 bricks into a 6x6x6 cube,brain_teasers,Thinking Out of the Box,"Is it possible to fit 53 bricks, each measuring 1 unit by 1 unit by 4 units, inside a 6x6x6 cube?","This problem is a three-dimensional extension of a classic chessboard puzzle. In the original version, an 8x8 chessboard has two opposite corner squares removed, and the question asks whether 31 dominoes (each covering 1x2 squares) can tile the remaining 62 squares. The key insight is that the removed squares share the same color, leaving an imbalance between black and white squares. Since each domino must cover one black and one white square, the imbalance makes it impossible to tile the board completely.

To adapt this to our problem, consider the 6x6x6 cube divided into 27 smaller 2x2x2 sub-cubes. Each 2x2x2 sub-cube alternates between black and white in a three-dimensional checkerboard pattern, resulting in either 14 black and 13 white sub-cubes or vice versa. Now, observe that any 1x1x4 brick placed in the cube must span exactly two adjacent 2x2x2 sub-cubes of opposite colors. Specifically, half of the brick (1x1x2) lies in a black sub-cube, and the other half lies in a white sub-cube.

Since each 2x2x2 sub-cube can accommodate at most 4 bricks (each contributing 1x1x2 to the sub-cube), the limiting factor is the color with fewer sub-cubes. If there are 13 sub-cubes of one color, they can support at most 13 * 4 = 52 bricks. The 53rd brick cannot be placed without violating this constraint, as it would require an additional sub-cube of the minority color. Therefore, it is impossible to pack 53 bricks of dimensions 1x1x4 into a 6x6x6 cube.

Valid Answers: No",green_book,2026-05-03 19:56:08.862229+00,"Think about dividing the cube into smaller, manageable sections and consider how the bricks interact with these sections. Pay attention to the colors or labels of these sections—could an imbalance in their counts prevent the bricks from fitting?"
11,Designing Calendar Dice for Month Days,brain_teasers,Thinking Out of the Box,"You have two custom dice. Instead of the usual 1–6, you need to place single-digit numbers on their faces so that you can arrange them each morning to display the current day of the month as two digits. Both dice must be used (so days 1–9 must appear as 01–09), and you may swap their order. What single-digit numbers should you place on each die to make this possible?","Since the calendar includes the 11th and 22nd, both dice must have the digits 1 and 2. To represent single-digit days (01–09), at least one die must include a 0. Let’s place 0 on the first die. However, the second die also needs a 0 to cover all single-digit days, because the first die cannot hold all required digits alone.

So far, the assignments are:

Dice one: 1, 2, 0, 3, 4, 5
Dice two: 1, 2, 0, 6, 7, 8

But we still have seven digits left to assign (3, 4, 5, 6, 7, 8, 9), and only six faces remain. To solve this, we exploit the fact that 6 and 9 can be used interchangeably since they will never be needed simultaneously. By treating 6 as 9, we can assign the digits 3, 4, and 5 to the first die and 6, 7, and 8 (with 6 also serving as 9) to the second die. The final configuration is:

Dice one: 1, 2, 0, 3, 4, 5
Dice two: 1, 2, 0, 6, 7, 8

Valid Answers: Dice one: {1, 2, 0, 3, 4, 5}, Dice two: {1, 2, 0, 6, 7, 8}",green_book,2026-05-03 19:56:08.862229+00,"Consider the constraints imposed by days like the 11th and 22nd, which require both dice to have the digits 1 and 2. Think about how to handle single-digit days (01–09) and whether a 0 is necessary on one or both dice. Also, explore how to maximize the utility of each die's faces by reusing digits like 6 and 9."
12,Selecting the Correct Door with One Question,brain_teasers,Thinking Out of the Box,"You encounter two doors: one leads to your desired job offer, and the other leads to an exit. Each door has a guard stationed in front of it. One guard consistently tells the truth, while the other consistently lies. You are permitted to ask only one guard a single yes-or-no question. Which question should you pose to ensure you select the door with the job offer?","This is a classic logic puzzle. A commonly accepted solution is to ask one guard the following question: ""Would the other guard say that you are guarding the door to the job offer?"" If the answer is ""yes,"" choose the opposite door; if the answer is ""no,"" choose the door the guard is standing in front of.

There are two possible scenarios:
1. The truth-telling guard is at the job offer door, and the lying guard is at the exit door.
2. The truth-telling guard is at the exit door, and the lying guard is at the job offer door.

A direct question like ""Are you guarding the door to the job offer?"" would yield identical responses from both guards in each scenario (both ""yes"" in scenario 1, both ""no"" in scenario 2), making it unhelpful. The key is to construct a question that accounts for both guards' responses.

For scenario 1:
- If you ask the truth-teller, he will respond ""no"" because the liar would deny guarding the job offer door.
- If you ask the liar, he will respond ""yes"" because the truth-teller would affirm guarding the job offer door.

For scenario 2:
- If you ask the truth-teller, he will respond ""yes"" because the liar would claim to guard the job offer door.
- If you ask the liar, he will respond ""no"" because the truth-teller would deny guarding the job offer door.

Thus, if the answer is ""no,"" select that door; if the answer is ""yes,"" select the other door.

Valid Answers: Ask one guard: ""Would the other guard say that you are guarding the door to the job offer?""",green_book,2026-05-03 19:56:08.862229+00,Focus on framing a question that accounts for both guards' behaviors simultaneously. Consider how their responses would interact—what happens if you ask one guard about the other's answer?
13,Secure document transmission with padlocks,brain_teasers,Thinking Out of the Box,"You must send a confidential document to a coworker in Greenwich using an untrusted messenger service. The only secure containers available are padlock boxes that cannot be opened without the unique key held by the person who applied the lock. If a box is unlocked during transit, its contents are lost. How can you ensure the document reaches your colleague without it being intercepted?","Sending the document in an unlocked box is impossible because it would be lost. Instead, place the document in a locked box using your padlock. Since you hold the key, your colleague cannot open it. To retrieve the document, your colleague must first add their own padlock to the box. Then, return the box to you. You remove your padlock and send the box back to your colleague, who can now unlock their own padlock to access the document.


Last ball
A bag contains 20 blue balls and 14 red balls. In each step, you randomly draw two balls. If both are the same color, you add a blue ball to the bag; if they are different colors, you add a red ball. You do not return the drawn balls to the bag. This process repeats indefinitely. What color will the last remaining ball be? What if the bag initially contains 20 blue balls and 13 red balls instead?",green_book,2026-05-03 19:56:08.862229+00,Focus on the parity (odd/even) of the red balls. Notice how the operations affect the count of red balls and whether the parity changes. This invariant can help determine the final outcome.
14,Determining the Last Remaining Ball's Color,brain_teasers,Thinking Out of the Box,"A bag contains 20 blue balls and 14 red balls. You repeatedly draw two balls at random without replacement. If both balls are the same color, you add one blue ball to the bag. If the balls are different colors, you add one red ball. You have an infinite supply of blue and red balls. After continuing this process until only one ball remains, what color will it be? How would the result change if the bag initially held 20 blue balls and 13 red balls instead?","Let’s denote the number of blue balls as $B$ and red balls as $R$. We analyze how the counts change after each draw:

1. **Both balls are blue**: $(B, R) 
ightarrow (B-1, R)$. A blue ball is added, so the new count becomes $(B-1+1, R) = (B, R)$.
2. **Both balls are red**: $(B, R) 
ightarrow (B+1, R-2)$. Two red balls are removed and one blue ball is added, so the new count is $(B+1, R-2)$.
3. **One red and one blue**: $(B, R) 
ightarrow (B-1, R)$. A red ball is added, so the new count becomes $(B-1, R+1)$.

Key observations:
- The parity (odd/even nature) of $R$ never changes in the first two cases. In the third case, $R$ increases by 1, flipping its parity.
- Starting with an even number of red balls (e.g., 14), $R$ remains even throughout the process. Since the total number of balls decreases by 1 each step, the last ball must be blue (as $R$ cannot become odd).
- Starting with an odd number of red balls (e.g., 13), $R$ remains odd, so the last ball must be red.

Thus, the last ball’s color matches the parity of the initial red ball count.

Valid Answers: blue (for 20 blue, 14 red); red (for 20 blue, 13 red)",green_book,2026-05-03 19:56:08.862229+00,"Focus on how the parity (odd or even) of the number of red balls changes—or doesn't change—with each operation. Consider whether the parity of red balls can flip during the process, and how that might influence the final outcome."
15,Identifying the Correct Switch for a Light Bulb,brain_teasers,Thinking Out of the Box,"There are four switches outside a room, all initially turned off. Only one of these switches controls a light bulb inside the room. You are allowed to toggle the switches any number of times. What is the minimum number of times you must enter the room to determine which switch controls the light bulb?","This problem is a variation of the classic light bulb puzzle, which typically involves three switches. The key insight is that a light bulb provides two binary states: whether it is on or off, and whether it is hot or cold. By leveraging both states, we can distinguish between four switches.

Here’s the step-by-step approach:
1. Turn on switches 1 and 2, then wait for a few minutes. This allows the bulb to heat up if it is controlled by either switch 1 or 2.
2. After waiting, turn off switch 2 and turn on switch 3.
3. Immediately enter the room and observe the bulb.

The observations will reveal which switch controls the bulb:
- If the bulb is **on and hot**, it is controlled by switch 1 (since it was left on long enough to heat up).
- If the bulb is **off and hot**, it is controlled by switch 2 (it was on long enough to heat up but is now off).
- If the bulb is **on and cold**, it is controlled by switch 3 (it was just turned on and hasn’t had time to heat up).
- If the bulb is **off and cold**, it is controlled by switch 4 (it was never turned on).

This method ensures that you can identify the correct switch in a single entry into the room.


Quant salary
Eight quants from different banks are meeting for drinks. Each quant wants to know the average salary of the group but prefers not to disclose their own salary. Can you devise a method for the quants to calculate the average salary without revealing individual salaries to one another?",green_book,2026-05-03 19:56:08.862229+00,"Consider using a method where each quant adds a random number to their salary before sharing it, and then subtracts the average of those random numbers at the end. This way, individual salaries remain hidden while the total sum (and thus the average) can still be calculated."
16,Calculating Group Average Salary Anonymously,brain_teasers,Thinking Out of the Box,A group of eight quants from various financial institutions meet for drinks. Each quant wants to know the average salary of the group but refuses to disclose their individual salary. How can they determine the average salary without any quant learning another's salary?,"One possible method involves a sequential approach where each quant contributes to a running total without revealing their salary. The first quant selects a random number, adds their salary to it, and passes the result to the second quant. The second quant adds their salary to this new total and passes it to the third quant, and so on until the eighth quant adds their salary and returns the total to the first quant. The first quant then subtracts the original random number from the final total and divides the remaining sum by eight to obtain the average salary.

This technique isn't just theoretical—it has practical applications. For instance, a third-party data provider collecting fund holding data from multiple firms can use a similar approach to anonymize the information. By adding unique random identifiers to each fund's positions before distributing the data, the provider ensures that participants cannot reverse-engineer the holdings of other funds. This maintains confidentiality while allowing the sharing of aggregated market information.


2.4 Application of Symmetry
Coin piles
Suppose you are blindfolded in a room with 1000 coins scattered on the floor. Among these, 980 coins show tails and 20 show heads. How can you divide the coins into two piles such that each pile has the same number of heads? Assume you cannot determine a coin's orientation by touch but are allowed to flip any number of coins.",green_book,2026-05-03 19:56:08.862229+00,"Consider dividing the coins into two piles of unequal size and flipping all the coins in one pile. Think about how the number of heads in each pile changes after flipping, and how this relates to the original distribution."
17,Separating Coin Piles with Equal Heads,brain_teasers,Application of Symmetry,"You are blindfolded in a room with 1000 coins on the floor. Among these, 980 coins show tails and 20 show heads. Without being able to distinguish coin sides by touch, can you divide the coins into two groups such that each group contains the same number of heads? You are permitted to flip any number of coins.","Divide the 1000 coins into two piles: one with 20 coins and the other with 980 coins. Let $m$ represent the number of heads in the smaller pile (20 coins). Consequently, the larger pile (980 coins) must contain $20 - m$ heads, since there are only 20 heads in total. The smaller pile also contains $20 - m$ tails, as it has 20 coins in total.

Now, flip all 20 coins in the smaller pile. After flipping, the $m$ heads become tails, and the $20 - m$ tails become heads. Thus, the smaller pile now contains exactly $20 - m$ heads, matching the number of heads in the larger pile. This guarantees both piles have an equal number of heads.

Valid Answers: Yes",green_book,2026-05-03 19:56:08.862229+00,Consider dividing the coins into two groups where one group's size matches the number of heads you know exist. Think about how flipping coins in one group could balance the number of heads between both groups.
18,Identifying Mislabelled Fruit Bags with Minimal Sampling,brain_teasers,Application of Symmetry,"You have three bags of fruits: one contains only apples, one contains only oranges, and one contains a mix of both. Each bag is incorrectly labelled (e.g., the bag labelled 'apples' does not contain only apples). What is the most efficient way to correctly relabel all the bags by drawing the fewest possible fruits from any bag? You may inspect as many fruits as needed from any single bag.","The critical insight is that all labels are incorrect. This means the bag labelled 'mix' cannot actually contain a mix—it must contain only apples or only oranges. Similarly, the bag labelled 'apples' cannot contain only apples, and the bag labelled 'oranges' cannot contain only oranges.

To resolve this, start by selecting a fruit from the bag labelled 'mix'. Suppose you draw an orange from it. Since the label is wrong, this bag cannot be the mix—it must contain only oranges. Now, consider the bag labelled 'apples'. It cannot contain only apples (label is wrong), and it cannot contain only oranges (we’ve already identified the oranges-only bag). Therefore, it must be the mix. The remaining bag, labelled 'oranges', must then contain only apples.

If instead you had drawn an apple from the bag labelled 'mix', the logic would mirror: that bag must be the apples-only bag. The bag labelled 'oranges' cannot contain only oranges and cannot be the apples-only bag, so it must be the mix. The remaining bag, labelled 'apples', must then contain only oranges.

Thus, by drawing just one fruit from the bag labelled 'mix', you can correctly relabel all three bags.

Valid Answers: Pick one fruit from the bag labelled 'mix'.",green_book,2026-05-03 19:56:08.862229+00,"Since all labels are incorrect, the bag labelled 'mix' cannot actually contain a mix. Focus on this bag first—what can you deduce about its contents based on a single fruit drawn from it?"
19,Rescue Strategy for Captive Wise Men Using a Glass,brain_teasers,Application of Symmetry,"A sultan imprisons 50 wise men and presents them with a glass that starts upside down. Each minute, he randomly selects one wise man who may flip the glass (changing its state) or leave it unchanged. The selected man can then attempt to declare that every wise man has been called at least once. If correct, all are freed; if incorrect, all are executed. The wise men may coordinate a single strategy before being isolated. Devise a plan that guarantees their safe release.","The solution relies on symmetry and designating one wise man as the spokesperson. The 49 other men are indistinguishable in their role, while the spokesperson operates differently. Here’s the strategy:

1. Each of the 49 equivalent wise men flips the glass from upside down to bottom down the first time they observe it in the upside-down state. If the glass is already bottom down or they have already flipped it once, they take no action.

2. The spokesperson flips the glass from bottom down to upside down every time they see it in the bottom-down state. If the glass is already upside down, they do nothing.

3. Once the spokesperson has flipped the glass 49 times, they can confidently declare that all 49 other wise men have been called at least once, as each flip corresponds to one of them having acted. This ensures their freedom without risk of error.


2.5 Series Summation
Here is a famous story about the legendary mathematician/physicist Gauss: When he
was a child, his teacher gave the children a boring assignment to add the numbers from 1
to 100. To the amazement of the teacher, Gauss turned in his answer in less than a
minute. Here is his approach:
:Ln= 1 + 2+ ··· + 99+ 100
n=I
+     +          +    +
:Ln = 100+ 99+···+ 2 + 1
! !         ! ! 101x100 :Ln =100xl01
2Ln = 101+101+···+101+101=           ---

n=I                                   2        n =I

This approach can be generalized to any integer N:             f =
n=I
n   N ( N + 1)
The summation formula for consecutive squares may not be as intuitive:

fn =   2   N(N +1)(2N +1) = N 3 + N 2 + N.
n=I              6                3   2         6
N
But if we correctly guess that             L n = aN + bN + cN + d and apply the initial
2         3         2
n=I

conditions

N=l        l=a+b+c+d
N=2         5 = 8a + 4b + 2c + d

we will have the solution that a= 1/3, b = 112, c = 116, d = 0. We can then easily show
that the same equation applies to all N by induction.

Clock pieces
A clock (numbered 1 - 12 clockwise) fell off the wall and broke into three pieces. You
find that the sums of the numbers on each piece are equal. What are the numbers on each
piece? (No strange-shaped piece is allowed.)",green_book,2026-05-03 19:56:08.862229+00,"Consider using one of the wise men as a counter or tracker, while the others follow a consistent rule to signal their presence. Think about how the glass's state can be used to encode information about the number of unique interactions."
20,Equal-Sum Clock Fragments,brain_teasers,Series Summation,"A clock face numbered 1 through 12 in clockwise order detached from the wall and shattered into three fragments. Upon inspection, you notice that the total of the numbers on each fragment is identical. What numbers belong to each fragment? (Assume no fragment has an irregular shape.)","The sum of all numbers on the clock face can be calculated using the formula for the sum of the first n integers: $\sum_{n=1}^{12} n = \frac{12 \cdot 13}{2} = 78$. Since the clock broke into three pieces with equal sums, each piece must sum to $\frac{78}{3} = 26$.

Some candidates incorrectly assume that the numbers on each piece must form a continuous sequence due to the ""no irregular shape"" constraint. For example, they might consider 5, 6, 7, and 8, which sum to 26. However, this approach overlooks the circular nature of the clock, where 12 and 1 are adjacent. By leveraging this continuity, we find that 12 + 1 = 13 and 11 + 2 = 13. Combining these pairs gives one fragment: 11, 12, 1, and 2 (sum = 26). The remaining numbers can then be grouped into two additional fragments: 3, 4, 9, and 10 (sum = 26), and the remaining numbers 5, 6, 7, and 8 (sum = 26).

Valid Answers: [[11, 12, 1, 2], [3, 4, 9, 10], [5, 6, 7, 8]]",green_book,2026-05-03 19:56:08.862229+00,"Start by calculating the total sum of all numbers on the clock face. Since the clock is circular, consider how pairs of numbers (like 12 and 1) might simplify the grouping process. Think about how you can leverage the clock's continuity to form fragments with equal sums."
21,Identifying Two Missing Integers in a Sequence,brain_teasers,Series Summation,"Given a set of 98 distinct integers selected from the range 1 to 100, how can you determine which two integers are missing?","Let the two missing integers be denoted as $x$ and $y$, and the remaining 98 integers as $z_1, z_2, \dots, z_{98}$. Using the formula for the sum of the first $n$ integers, we can write:

$$\sum_{n=1}^{100} n = x + y + \sum_{i=1}^{98} z_i.$$ 

Rearranging this equation gives:

$$x + y = \frac{100 \cdot 101}{2} - \sum_{i=1}^{98} z_i.$$ 

With this equation, we can compute the sum of the two missing integers. Once $x + y$ is known, we can solve for $x$ and $y$ by leveraging the fact that they are distinct integers within the range [1, 100]. If implemented computationally, this approach requires a single pass through the list of integers, resulting in an $O(n)$ time complexity.

Valid Answers: $x + y = 5050 - \sum_{i=1}^{98} z_i$

Counterfeit coins I

There are 10 bags with 100 identical coins in each bag. In all bags but one, each coin weighs 10 grams. However, all the coins in the counterfeit bag weigh either 9 or 11 grams. Can you find the counterfeit bag in only one weighing, using a digital scale that tells the exact weight?",green_book,2026-05-03 19:56:08.862229+00,Consider the sum of all integers from 1 to 100. How can this total help you find the sum of the two missing numbers? Think about what additional information you might need to uniquely identify the two missing integers once you have their sum.
22,Identifying the Counterfeit Coin Bag with a Single Weighing,brain_teasers,Series Summation,"You have 10 bags, each containing 100 identical-looking coins. Nine bags contain coins that all weigh exactly 10 grams each, while one bag contains counterfeit coins that are either all 9 grams or all 11 grams. Using a digital scale that provides the exact total weight, can you determine which bag is counterfeit with just one weighing?","Yes, it is possible to identify the counterfeit bag in a single weighing. The approach involves taking a distinct number of coins from each bag: 1 coin from the first bag, 2 coins from the second, 3 from the third, and so on up to 10 coins from the tenth bag. This results in a total of $1 + 2 + 3 + \cdots + 10 = 55$ coins. If all coins were genuine, the total weight would be $55 \times 10 = 550$ grams.

Now, suppose the counterfeit bag is the $i$-th bag. Since the counterfeit coins differ in weight by $\pm 1$ gram, the total weight will deviate from 550 grams by exactly $i$ grams. Specifically, if the counterfeit coins are lighter, the total weight will be $550 - i$ grams; if they are heavier, it will be $550 + i$ grams. Because each $i$ is unique, the observed deviation directly reveals both the counterfeit bag and whether its coins are lighter or heavier.

Note that other sequences of distinct coin counts from each bag would also work, as long as the numbers are all different.

Valid Answers: Yes",green_book,2026-05-03 19:56:08.862229+00,"Consider taking a different number of coins from each bag—this way, the total weight deviation can uniquely point to the counterfeit bag. Think about how the difference from the expected weight could encode the bag's identity."
23,Optimal Drop Strategy for Two Glass Balls in a 100-Story Building,brain_teasers,Series Summation,"You have two identical glass balls and access to a 100-story building. When dropped from a floor, a ball will not break if the floor number is below a certain unknown threshold X, and it will always break if the floor number is X or higher. Your goal is to determine the minimal worst-case number of drops required to identify X with certainty.","Let’s assume an optimal strategy exists where the maximum number of drops needed is N. The first drop should be from the N-th floor. If the ball breaks, we test floors 1 through N-1 sequentially with the second ball, requiring at most N drops in total. If the ball does not break, we proceed to the (N + (N-1))-th floor for the next drop. If it breaks here, we test floors N+1 through N+(N-1)-1 with the second ball, again requiring at most N drops. This pattern continues, where each subsequent drop increases the floor by one fewer than the previous increment, ensuring the second ball can cover the remaining floors if the first breaks.

The total number of floors covered by this strategy with N drops is the sum of the first N natural numbers: $N + (N-1) + (N-2) + \dots + 1 = \frac{N(N+1)}{2}$. To cover all 100 floors, we solve $\frac{N(N+1)}{2} \geq 100$. The smallest integer N satisfying this is 14, since $\frac{14 \cdot 15}{2} = 105 \geq 100$.

Thus, the strategy starts at the 14th floor. If the ball breaks, test floors 1–13 sequentially (max 14 drops). If not, proceed to the 14+13=27th floor. If it breaks, test floors 15–26 (max 14 drops). Continue this process, incrementing the floor by 13, then 12, etc., until X is found. This guarantees the worst-case scenario requires no more than 14 drops.

Valid Answers: 14",green_book,2026-05-03 19:56:08.862229+00,"Consider how the worst-case number of drops, N, relates to the total number of floors you can cover with a systematic strategy. Think about how the first ball's drops should be spaced to minimize the maximum number of drops needed if the first ball breaks early."
24,Guaranteeing a matching pair of socks from a mixed drawer,brain_teasers,The Pigeon Hole Principle,"A drawer holds 2 red socks, 20 yellow socks, and 31 blue socks. You pull socks out randomly without looking. Each sock has an equal chance of being selected. What is the smallest number of socks you must take to be certain you have at least one matching pair of the same color?","This is a classic application of the Pigeonhole Principle. With three distinct colors (red, yellow, blue), the worst-case scenario is drawing one sock of each color first. After taking 3 socks, you might have one red, one yellow, and one blue—still no pair. The next sock you draw, the 4th one, must match one of the three colors already taken. Therefore, you need to grab 4 socks to guarantee at least two socks share the same color.

Valid Answers: 4",green_book,2026-05-03 19:56:08.862229+00,"Think about the worst-case scenario where you pick socks in a way that avoids creating a pair for as long as possible. How many unique colors are there, and what does that imply about the minimum number of socks needed to ensure a match?"
25,Guaranteeing Duplicate Handshake Counts at a Party,brain_teasers,The Pigeon Hole Principle,"At a welcome gathering, you join 25 colleagues. You shake hands with every colleague upon arrival, and the group proceeds to shake hands randomly with one another. Without knowing the total number of handshakes that occur, can you confidently assert that at least two people in the room have shaken hands with the exact same number of individuals?","Including yourself, there are 26 people at the party. Each person shakes hands with a number of people ranging from 1 (since everyone shakes hands with you) to 25 (if they shake hands with everyone else). This creates 26 ""pigeons"" (people) and only 25 possible ""holes"" (distinct handshake counts from 1 to 25). By the pigeonhole principle, at least two people must have shaken hands with the same number of individuals.

Valid Answers: Yes

Have we met before?
Show me that, if there are 6 people at a party, then either at least 3 people met each other before the party, or at least 3 people were strangers before the party.",green_book,2026-05-03 19:56:08.862229+00,"Consider the possible number of handshakes each person could have had before the party. Think about how many people they could have met or not met, and how these relationships might overlap among the group."
26,Party Guest Acquaintance Problem,brain_teasers,The Pigeon Hole Principle,"Prove that among any group of six individuals at a gathering, there must either be at least three people who have all met each other previously, or at least three people who are all strangers to one another before the gathering.","This problem can be approached by considering the perspective of one individual at the party. Focus on a single person (call them Person A) among the six attendees. Among the remaining five people, by the pigeonhole principle, either at least three have met Person A before, or at least three have not met Person A before. These two scenarios are exhaustive and mutually exclusive.

Case 1: At least three people have met Person A previously.
- If any two of these three have also met each other, then those two plus Person A form a group of three who all know each other.
- If no two of these three have met each other, then those three individuals form a group who are all strangers to one another.

Case 2: At least three people have not met Person A previously.
- If any two of these three have not met each other, then those two plus Person A form a group of three who are all strangers to one another.
- If all pairs among these three have met each other, then those three individuals form a group who all know each other.

In every possible scenario, the required condition is satisfied.

Valid Answers: Proven via pigeonhole principle",green_book,2026-05-03 19:56:08.862229+00,Try focusing on one person at the party and categorize the other five based on whether they have met this person before. This can help you break the problem into manageable cases using a fundamental principle in combinatorics.
27,Guaranteeing Ant Capture with a Circular Glass,brain_teasers,The Pigeon Hole Principle,"On a square with side length 1, there are 51 ants scattered. Given a circular glass with radius 1/7, is it possible to position the glass anywhere on the square such that it will always cover at least 3 ants?","To ensure the glass covers at least 3 ants, divide the square into 25 equal smaller regions. By the generalized Pigeonhole Principle, at least one of these regions must contain at least 3 ants. The glass must then be large enough to cover any of these 25 regions. Partitioning the square into a 5×5 grid of smaller squares, each with side length 1/5, suffices. A circle with radius 1/7 can cover a square with side length 1/5 because the diagonal of such a square is $\sqrt{2}/5 \approx 0.2828$, and the diameter of the glass is $2/7 \approx 0.2857$, which is slightly larger. Thus, positioning the glass over any of these smaller squares guarantees it will cover at least 3 ants.

Valid Answers: Yes",green_book,2026-05-03 19:56:08.862229+00,Consider dividing the square into smaller regions where the glass can cover at least one of them entirely. Think about how many such regions are needed to ensure that at least one contains multiple ants.
28,Identifying Counterfeit Coin Types in 5 Bags with One Weighing,brain_teasers,The Pigeon Hole Principle,"You have 5 bags, each containing 100 coins. Each bag holds coins of uniform weight, but the weight of coins in different bags may vary: 9 grams, 10 grams, or 11 grams. You possess a digital scale that provides the exact weight. How many times must you use the scale to determine the exact coin type (9g, 10g, or 11g) in each bag?","To solve this, we start by considering a simpler version of the problem. For 1 bag, weighing just one coin reveals its type. For 2 bags, we need a strategy that distinguishes between all possible combinations. Since each bag can have one of 3 coin types, there are 3 × 3 = 9 possible combinations. If we take 2 coins from the second bag, the total weight difference (relative to the mean 10g) ranges from -3 to 3 (7 possible sums), which is insufficient to cover all 9 combinations (pigeonhole principle: 9 > 7). Taking 3 coins from the second bag expands the range to -4 to 4 (9 possible sums), matching the number of combinations. Each combination of coin types yields a unique sum, allowing us to identify the exact type in each bag with a single weighing.

Extending this logic to 3 bags, there are 3³ = 27 possible combinations. Taking 9 coins from the third bag (range -13 to 13) covers all 27 combinations uniquely. For 4 bags, we take 27 coins from the fourth bag (range -40 to 40), and for 5 bags, we take 81 coins from the fifth bag (range -121 to 121). Thus, the optimal strategy is to take 1, 3, 9, 27, and 81 coins from bags 1 through 5, respectively, and weigh them together once. The total weight will uniquely identify the coin type in each bag.

Valid Answers: 1",green_book,2026-05-03 19:56:08.862229+00,Consider taking a different number of coins from each bag and analyzing the total weight deviation from the expected sum. Think about how the number of coins taken from each bag can uniquely encode its coin type in the total weight.
29,Optimal Hat Strategy for Prisoners Using Parity,brain_teasers,The Pigeon Hole Principle,"A group of 100 prisoners is told that each will wear either a red or blue hat assigned randomly. Each prisoner can see all other prisoners' hats but not their own. They cannot communicate once the hats are placed and must remain silent. The prisoners will be called one by one in a random order, and each must state the color of their own hat aloud for all to hear. A correct guess sets the prisoner free; an incorrect guess results in execution. The prisoners can devise a strategy the night before. What is the most effective strategy they can agree upon, and how many prisoners can they guarantee will be saved?","The prisoners can guarantee the freedom of at least 99 of their members.

The strategy hinges on the first prisoner called to speak, who can observe the hats of all 99 others. This prisoner declares his hat color based on the parity (odd or even) of the red hats he sees. If the number of red hats among the other 99 is odd, he states ""red""; if even, he states ""blue"". His guess has a 50% chance of being correct, but this declaration serves as a parity signal for the rest.

Each subsequent prisoner uses the parity information from the first prisoner's statement and the hats they can see to deduce their own hat color. For example, if a prisoner sees an even number of red hats among the remaining 98 prisoners (excluding themselves and the first prisoner), and the first prisoner declared ""red"" (indicating an odd total), they can infer their own hat must be red to maintain the odd parity.

This method ensures that every prisoner after the first can deduce their hat color with certainty, guaranteeing their freedom. The first prisoner's fate is uncertain, but the remaining 99 can be saved with absolute certainty.

Valid Answers: 99",green_book,2026-05-03 19:56:08.862229+00,Consider using a mathematical property that can encode information about the entire group. Think about how a single prisoner's statement could provide a reference point for the others to deduce their own hat color based on what they observe.
30,Rule for Divisibility by 9 and Chameleon Color Puzzle,brain_teasers,The Pigeon Hole Principle,How can you determine whether any given integer is divisible by 9? Provide a rule and a proof for its validity.,"A well-known divisibility rule states that an integer is divisible by 9 if and only if the sum of its digits is divisible by 9. To prove this, let’s represent the integer $a$ in its decimal expansion as:

$$ a = a_n 	imes 10^n + a_{n-1} 	imes 10^{n-1} + 	ext{...} + a_1 	imes 10^1 + a_0, $$

where each $a_i$ is a digit (0 through 9). Define $S = a_n + a_{n-1} + 	ext{...} + a_1 + a_0$ as the sum of the digits. We claim that if $S$ is divisible by 9, then $a$ is also divisible by 9.

To prove this, observe that:

$$ a - S = a_n 	imes (10^n - 1) + a_{n-1} 	imes (10^{n-1} - 1) + 	ext{...} + a_1 	imes (10^1 - 1). $$

Each term $(10^k - 1)$ is divisible by 9, since $10^k - 1 = 999...9$ (with $k$ nines). Therefore, $a - S$ is divisible by 9. If $S$ is divisible by 9, then $a = (a - S) + S$ is also divisible by 9, as the sum of two multiples of 9.

Conversely, if $a$ is divisible by 9, then $S$ must also be divisible by 9, since $a - S$ is divisible by 9 and $a$ is divisible by 9.

(Similarly, for divisibility by 11, the alternating sum of digits $a_n - a_{n-1} + a_{n-2} - 	ext{...} 	ext{±} a_0$ must be divisible by 11.)


Chameleon colors
A remote island has three types of chameleons with the following population: 13 red chameleons, 15 green chameleons, and 17 blue chameleons. Each time two chameleons of different colors meet, they both change their color to the third color. For example, if a green and a red chameleon meet, they both become blue. Is it ever possible for all chameleons to eventually become the same color? Explain why or why not.",green_book,2026-05-03 19:56:08.862229+00,"For the divisibility rule, consider how numbers like 10, 100, or 1000 relate to 9 when expressed in terms of their remainder. For the chameleon puzzle, think about whether the differences between the counts of each color change in a predictable way after each meeting."
31,Can all chameleons on the island eventually turn the same color?,brain_teasers,The Pigeon Hole Principle,"On a remote island, there are three groups of chameleons: 13 red, 15 green, and 17 blue. Whenever two chameleons of different colors meet, they both change to the third color. For instance, if a green and a red chameleon meet, they both become blue. Is it possible for all chameleons to eventually turn the same color? Justify your answer.","No, it is impossible for all chameleons to become the same color. Below are two distinct approaches to demonstrate this.

Approach 1: Simplification and Invariance
We can simplify the problem by observing that the relative differences between the counts of each color remain invariant modulo 3. Starting with 13 red, 15 green, and 17 blue chameleons, we note that:
- 13 ≡ 1 (mod 3)
- 15 ≡ 0 (mod 3)
- 17 ≡ 2 (mod 3)

When two chameleons of different colors meet, their counts change as follows:
- If a red and green chameleon meet, they both become blue: (r-1, g-1, b+2). The new counts modulo 3 are (r-1, g-1, b+2) ≡ (0, 2, 1) (mod 3).
- If a red and blue chameleon meet, they both become green: (r-1, g+2, b-1). The new counts modulo 3 are (r-1, g+2, b-1) ≡ (0, 2, 1) (mod 3).
- If a green and blue chameleon meet, they both become red: (r+2, g-1, b-1). The new counts modulo 3 are (r+2, g-1, b-1) ≡ (0, 2, 1) (mod 3).

In all cases, the counts modulo 3 cycle through (1, 0, 2), (0, 2, 1), and (2, 1, 0) but never reach a state where two counts are equal modulo 3. For all chameleons to become the same color, two counts must be zero, which would require them to be equal modulo 3. Since this never occurs, the goal is unattainable.

Approach 2: Pairwise Differences
Consider the differences between the counts of any two colors. Initially, the differences are:
- Red and Green: |13 - 15| = 2
- Red and Blue: |13 - 17| = 4
- Green and Blue: |15 - 17| = 2

When two chameleons of different colors meet, the differences change as follows:
- If red and green meet, the new differences are |(13-1) - (15-1)| = 2, |(13-1) - (17+2)| = 6, and |(15-1) - (17+2)| = 4.
- If red and blue meet, the new differences are |(13-1) - (17-1)| = 4, |(13-1) - (15+2)| = 6, and |(17-1) - (15+2)| = 2.
- If green and blue meet, the new differences are |(15-1) - (17-1)| = 2, |(15-1) - (13+2)| = 4, and |(17-1) - (13+2)| = 6.

In each scenario, the differences remain multiples of 2, but the key observation is that the differences modulo 3 remain unchanged. Since the initial differences modulo 3 are not all zero, and no operation can reduce two counts to zero simultaneously, it is impossible for all chameleons to become the same color.

Valid Answers: No",green_book,2026-05-03 19:56:08.862229+00,"Focus on how the counts of each color change relative to one another. Consider whether there's a property of these counts that remains unchanged (invariant) after any meeting, regardless of the colors involved."
32,Calculating the invariant sum from splitting coins,brain_teasers,Math Induction,"You have 1000 coins. You divide them into two groups of sizes x and y (where x + y = 1000). You compute the product xy, then split each group further, compute the products of the new subgroup sizes, and continue this process until every group consists of a single coin. You sum all the products obtained at each step (excluding the final single coins). What is the total sum? Prove that this sum is independent of how the splits are performed.","Let n denote the number of coins and define f(n) as the final sum obtained from splitting n coins. To solve this, we analyze small cases to identify a pattern. For n = 2, the only split is 1 + 1, and the sum is 0 (since no products are formed before reaching single coins). For n = 3, the first split is 2 + 1, yielding the product 2 × 1 = 2. The 2-coin group is then split into 1 + 1, contributing no additional product, so the total sum is 2. For n = 4, splitting into 2 + 2 gives 2 × 2 = 4, and each 2-coin group contributes 0, so the sum is 4. Alternatively, splitting 4 into 3 + 1 gives 3 × 1 = 3, and the 3-coin group contributes 2, so the total sum is 3 + 2 = 5. Wait, this seems inconsistent—let's correct the analysis.

Actually, for n = 4, splitting into 2 + 2 yields xy = 2 × 2 = 4, and each 2-coin group is split into 1 + 1 with no further products, so the total sum is 4. Splitting into 3 + 1 yields xy = 3 × 1 = 3, and the 3-coin group is split into 2 + 1, yielding 2 × 1 = 2, and the 2-coin group contributes nothing, so the total sum is 3 + 2 = 5. This suggests an error in the initial assumption. Let's re-express the recurrence properly.

The correct recurrence is f(n) = xy + f(x) + f(y), where x + y = n. For n = 2, f(2) = 1 × 1 + f(1) + f(1) = 1 + 0 + 0 = 1. For n = 3, splitting into 2 + 1 gives f(3) = 2 × 1 + f(2) + f(1) = 2 + 1 + 0 = 3. For n = 4, splitting into 2 + 2 gives f(4) = 2 × 2 + f(2) + f(2) = 4 + 1 + 1 = 6. Splitting into 3 + 1 gives f(4) = 3 × 1 + f(3) + f(1) = 3 + 3 + 0 = 6. This shows consistency.

We claim that for any n ≥ 2, f(n) = n(n − 1)/2. We prove this by strong induction. The base cases n = 2, 3, 4 hold as shown. Assume the claim holds for all k < n. For n coins split into x and y (x + y = n), we have:

f(n) = xy + f(x) + f(y)

By the induction hypothesis, f(x) = x(x − 1)/2 and f(y) = y(y − 1)/2. Substituting:

f(n) = xy + x(x − 1)/2 + y(y − 1)/2
     = xy + (x² − x + y² − y)/2
     = (2xy + x² − x + y² − y)/2
     = (x² + 2xy + y² − x − y)/2
     = ((x + y)² − (x + y))/2
     = (n² − n)/2
     = n(n − 1)/2.

Thus, the claim holds for n, and by induction, for all n ≥ 2. For n = 1000, the final sum is 1000 × 999 / 2 = 499500.

Valid Answers: 499500",green_book,2026-05-03 19:56:08.862229+00,Consider how the sum changes when you split a group of size n into two subgroups of sizes x and y. Think about the relationship between the product xy and the sums obtained from splitting x and y further. Is there a way to express the total sum in terms of n alone?
33,Breaking a chocolate bar into individual squares,brain_teasers,Math Induction,"A chocolate bar consists of 6 rows and 8 columns, making 48 individual 1x1 squares. You start with the whole bar and repeatedly break one piece into two smaller rectangular pieces. For instance, the first break could split the 6x8 bar into a 6x3 piece and a 6x5 piece. How many breaks are required to separate the bar into all 48 individual squares?

The hints provided suggest recognizing a pattern where .f(2) = 1, .f(3) - .f(2) = 2, and .f(4) - .f(3) = 3, leading to the general formula:
$$ .f(n) = 1 + 2 + \cdots + (n-1) = \frac{n(n-1)}{2} $$","Let m represent the number of rows and n the number of columns in the chocolate bar. Since the specific dimensions 6x8 are not unique, we derive a general solution applicable to any m and n.

We begin with the trivial case where m = 1 and n = 1, requiring 0 breaks. For m > 1 and n = 1, the number of breaks needed is m - 1, as each break separates one row from the next. Similarly, for m = 1 and n > 1, the number of breaks is n - 1. Combining these observations, if we first break the chocolate into m rows (m - 1 breaks) and then break each row into n individual squares (m(n - 1) breaks), the total number of breaks is (m - 1) + m(n - 1) = mn - 1.

Alternatively, if we first break the chocolate into n columns (n - 1 breaks) and then break each column into m squares (n(m - 1) breaks), the total remains mn - 1. To confirm this holds regardless of break sequence, we use strong induction.

Base cases m = 1, n = 1 and m = 1, n ≥ 1 have been verified. Assume the statement holds for all cases where rows < m, columns ≤ n and rows ≤ m, columns < n. For a general m x n bar, consider the first break:

- If the break is along a row, splitting the bar into m x n₁ and m x (n - n₁), the total breaks are 1 + (m n₁ - 1) + (m(n - n₁) - 1) = m n - 1, using the induction hypothesis for smaller column counts.
- If the break is along a column, splitting into m₁ x n and (m - m₁) x n, the total breaks are 1 + (m₁ n - 1) + ((m - m₁) n - 1) = m n - 1, using the induction hypothesis for smaller row counts.

Thus, the total number of breaks required to separate an m x n chocolate bar into m n individual squares is always m n - 1. For the given 6x8 bar, this yields 48 - 1 = 47 breaks.

A simpler perspective notes that each break increases the number of pieces by exactly one. Starting with 1 piece and ending with 48 pieces requires 47 breaks.

Valid Answers: 47",green_book,2026-05-03 19:56:08.862229+00,Consider the relationship between the number of breaks and the number of pieces. Each break increases the total number of pieces by one. Start with one whole bar and think about how many pieces you end up with.
34,Circular Race Track Gas Can Strategy,brain_teasers,Math Induction,"Imagine you're driving on a circular one-way race track. There are N gas cans scattered randomly around the track, and the combined gasoline in all cans is precisely enough for your car to complete exactly one full lap. Your car starts with an empty tank, but you can choose any starting point on the track and collect gas from cans as you pass them. Is it always possible to select a starting position that allows you to finish the entire lap?","If you're unsure how to approach this, begin with the simplest cases (N = 1, 2) and consider using mathematical induction. Assume the track’s circumference is normalized to 1 unit for simplicity. For N = 1, the solution is trivial: start at the single gas can’s location. For N = 2, let the gas amounts (expressed as travelable distance) in can 1 and can 2 be x₁ and x₂, respectively, where x₁ + x₂ = 1. The segments between cans are y₁ and y₂, with y₁ + y₂ = 1. Since x₁ + x₂ = y₁ + y₂ = 1, at least one of the following must hold: x₁ ≥ y₁ or x₂ ≥ y₂. If x₁ ≥ y₁, starting at can 1 allows the car to reach can 2 using gas from can 1, then use gas from can 2 to complete the lap. Otherwise, start at can 2 and use gas from can 1 to finish the lap.

This logic extends to the induction step. Assume the statement holds for N = n, and consider N = n + 1. With x₁ + x₂ + ... + xₙ₊₁ = 1 and y₁ + y₂ + ... + yₙ₊₁ = 1, there must exist at least one i where xᵢ ≥ yᵢ. Starting at gas can i, the car can reach gas can i+1 (with wrap-around for i = n+1) using the gas from can i, and the combined gas (xᵢ + xᵢ₊₁) ensures the car can proceed further. This effectively ""combines"" cans i and i+1 into a single can at position i with gas xᵢ + xᵢ₊₁, reducing the problem to N = n, for which the statement holds. Thus, the statement also holds for N = n + 1, proving it for any N.

Alternatively, here’s another method to determine the starting point: Imagine a second car with enough gas to complete the full lap. Place this car at a randomly chosen gas can and drive it around the track. At each gas can (including the starting point), record the gas level in the tank *before* refueling. After completing the lap, identify the lowest recorded gas level. The gas can at this position is the optimal starting point for a car with an empty tank.

Valid Answers: Yes",green_book,2026-05-03 19:56:08.862229+00,Consider the relationship between the gas available at each can and the distance to the next can. Think about what happens if you simulate driving around the track while keeping track of your fuel level. Is there a way to identify a starting point where your fuel never drops below zero?
35,Demonstrating the Irrationality of √2,brain_teasers,Proof by Contradiction,Prove that the square root of 2 (√2) cannot be expressed as a ratio of two integers.,"We proceed with a proof by contradiction. Assume that √2 is not irrational, meaning it can be written as a fraction of two integers, m and n. Without loss of generality, we can reduce this fraction to its simplest form by removing any common factors between m and n, resulting in an irreducible fraction. Given that m/n = √2, squaring both sides yields m² = 2n². This implies that m² is even, and therefore m itself must be even (since the square of an odd number is odd). Let m = 2x, where x is an integer. Substituting back, we get (2x)² = 2n² → 4x² = 2n² → n² = 2x². This shows that n² is also even, and thus n must be even. However, this contradicts our earlier assumption that m and n have no common factors, as both are now divisible by 2. Therefore, our initial assumption must be false, and √2 cannot be expressed as a ratio of two integers, proving it is irrational.


Rainbow hats
Seven prisoners are given the chance to be set free tomorrow. An executioner will put a hat on each prisoner's head. Each hat can be one of the seven colors of the rainbow, and the hat colors are assigned completely at the executioner's discretion. Every prisoner can see the hat colors of the other six prisoners but not his own. They cannot communicate in any way, or they will be executed. Then each prisoner writes down his guess of his own hat color. If at least one prisoner correctly guesses the color of his hat, they all will be set free immediately; otherwise, they will be executed. They are given the night to devise a strategy. Is there a strategy that guarantees their freedom?",green_book,2026-05-03 19:56:08.862229+00,"Consider using modular arithmetic to encode information about the hat colors they see. Think about how the prisoners can use their guesses to cover all possible color combinations systematically, ensuring at least one correct guess regardless of the distribution."
36,Prisoners and Rainbow Hats Strategy,brain_teasers,Proof by Contradiction,"Seven prisoners are lined up and each is given a hat in one of the seven colors of the rainbow. The colors are chosen arbitrarily by the executioner. Each prisoner can see the hats of the other six but not their own. They must write down their guess for their own hat color without any communication. If at least one prisoner correctly identifies their hat color, all are freed; otherwise, they are executed. They can strategize the night before. Is there a guaranteed strategy to ensure their freedom?","This problem appears more complex than the classic modular arithmetic prisoner puzzle because here prisoners cannot hear each other's guesses. The breakthrough comes from assigning each rainbow color a unique number from 0 to 6. Let $x_i$ represent the color code of prisoner $i$'s hat.

The strategy requires each prisoner $i$ to compute a guess $g_i$ such that the sum of all hat colors modulo 7 equals $i$:
$$(g_i + \sum_{k \neq i} x_k) \bmod 7 = i$$

Each prisoner $i$ calculates their guess $g_i$ by solving:
$$g_i = (i - \sum_{k \neq i} x_k) \bmod 7$$

This ensures that at least one prisoner's guess will match their actual hat color. To prove this by contradiction, assume no prisoner guesses correctly. Then for all $i$, $g_i \neq x_i$, which implies:
$$(x_i + \sum_{k \neq i} x_k) \bmod 7 \neq i$$
$$(\sum_{k=0}^6 x_k) \bmod 7 \neq i \quad \text{for all } i = 0,1,2,3,4,5,6$$

This is impossible because the sum modulo 7 must equal some value between 0 and 6. Therefore, at least one prisoner must have guessed correctly, guaranteeing their freedom.

Valid Answers: Yes",green_book,2026-05-03 19:56:08.862229+00,Consider assigning each color a unique number and using modular arithmetic to distribute the responsibility of guessing among the prisoners. Think about how the total sum of all hat colors modulo 7 could be leveraged to ensure at least one correct guess.
37,Comparing Growth Rates of Exponential and Factorial Functions,calculus,,"Without performing any numerical calculations, determine whether $e^e$ or $e!$ is larger.","Consider the natural logarithm of both quantities. The left side becomes $\ln(e^e) = e \ln e = e$, and the right side becomes $\ln(e!) = e \ln e - \ln(e!) = e - \ln(e!)$.

To compare these, we analyze the function $f(x) = \ln x$. Its derivative is $f'(x) = \frac{1}{x}$, which is positive for all $x > 0$, indicating that $f(x)$ is strictly increasing. Therefore, if $a > b$, then $\ln a > \ln b$.

Now, compare $e$ and $e - \ln(e!)$. This reduces to checking whether $\ln(e!) > 0$. Since $e > 1$, we know that $\ln(e!) > 0$ because the factorial $e!$ is greater than 1 and the natural logarithm is increasing. Thus, $e > e - \ln(e!)$, which implies $\ln(e^e) > \ln(e!)$. Because the natural logarithm is increasing, this means $e^e > e!$.

Valid Answers: $e^e$",green_book,2026-05-03 19:56:08.862229+00,Consider taking the natural logarithm of both quantities to simplify the comparison. Think about how the properties of logarithms and the growth rates of the functions involved can help you determine which is larger.
38,Applying L'Hôpital's Rule to Indeterminate Limits,calculus,,"Using L'Hôpital's rule, find the following limits:
1. $\lim_{x \to \infty} \frac{e^x}{x^2}$
2. $\lim_{x \to 0^+} x^2 \ln x$","1. For $\lim_{x \to \infty} \frac{e^x}{x^2}$:
   - This is an indeterminate form of type $\frac{\infty}{\infty}$, so L'Hôpital's rule applies.
   - First application:
     $$\lim_{x \to \infty} \frac{e^x}{x^2} = \lim_{x \to \infty} \frac{\frac{d}{dx}e^x}{\frac{d}{dx}x^2} = \lim_{x \to \infty} \frac{e^x}{2x}$$
   - The result is still $\frac{\infty}{\infty}$, so apply L'Hôpital's rule again:
     $$\lim_{x \to \infty} \frac{e^x}{2x} = \lim_{x \to \infty} \frac{\frac{d}{dx}e^x}{\frac{d}{dx}2x} = \lim_{x \to \infty} \frac{e^x}{2} = \infty$$

2. For $\lim_{x \to 0^+} x^2 \ln x$:
   - Rewrite as $\lim_{x \to 0^+} \frac{\ln x}{x^{-2}}$ to match the $\frac{\infty}{\infty}$ form.
   - Apply L'Hôpital's rule:
     $$\lim_{x \to 0^+} \frac{\ln x}{x^{-2}} = \lim_{x \to 0^+} \frac{\frac{d}{dx}\ln x}{\frac{d}{dx}x^{-2}} = \lim_{x \to 0^+} \frac{x^{-1}}{-2x^{-3}} = \lim_{x \to 0^+} \frac{-x^2}{2} = 0$$

Valid Answers:
1. $\infty$
2. $0$",green_book,2026-05-03 19:56:08.862229+00,"For the first limit, check if the form is suitable for L'Hôpital's rule and consider how many times you might need to apply it. For the second limit, think about rewriting the expression to match a form where L'Hôpital's rule can be applied—what indeterminate form does the rewritten expression resemble?"
39,Volume of Intersection for Two Perpendicular Cylinders,calculus,,"Two identical cylinders, each with a radius of 1, intersect at right angles such that their central axes cross. Calculate the volume of the region where they overlap.","This problem requires using integration to compute the volume of a 3D region. The standard approach involves expressing the volume as $V = \int A(z) \, dz$, where $A(z)$ represents the area of a cross-section perpendicular to the $z$-axis at height $z$.

To determine $A(z)$, consider slicing the intersection horizontally. Each slice forms a square with side length $2\sqrt{1 - z^2}$, derived from the circular cross-sections of the cylinders. By symmetry, the total volume can be computed as:

$$
V = 8 \int_0^1 (1 - z^2) \, dz = 8 \left[ z - \frac{z^3}{3} \right]_0^1 = 8 \left(1 - \frac{1}{3}\right) = \frac{16}{3}.
$$

Alternatively, observe that a sphere of radius $\frac{2}{3}$ fits perfectly within the intersection. At every height $z$, the circular cross-section of the sphere is inscribed in the square cross-section of the intersection, meaning their areas are equal. Thus, the volume of the intersection equals the volume of the sphere:

$$
V_{\text{sphere}} = \frac{4}{3}\pi r^3 = \frac{4}{3}\pi \left(\frac{2}{3}\right)^3 = \frac{16}{3}.
$$

Valid Answers: 16/3",green_book,2026-05-03 19:56:08.862229+00,"Consider slicing the overlapping region into thin horizontal cross-sections. What shape do these cross-sections form, and how can you relate their area to the height? Think about the constraints imposed by the cylinders' circular cross-sections."
40,Conditional expectation for a standard normal variable,conditional_expectation,,"Given that X follows a standard normal distribution, X ~ N(0, 1), compute the conditional expectation E[X | X > 0].","For a standard normal random variable X ~ N(0, 1), the probability density function is given by $f(x) = \frac{1}{\sqrt{2\pi}} e^{-\frac{1}{2}x^2}$. The conditional expectation is computed as:

$$E[X \mid X > 0] = \frac{\int_0^{\infty} x f(x) \, dx}{\int_0^{\infty} f(x) \, dx} = \frac{\int_0^{\infty} x \frac{1}{\sqrt{2\pi}} e^{-\frac{1}{2}x^2} \, dx}{\int_0^{\infty} \frac{1}{\sqrt{2\pi}} e^{-\frac{1}{2}x^2} \, dx}.$$ 

To evaluate the numerator, observe that the derivative of $-\frac{1}{2}x^2$ with respect to $x$ is $-x$. Thus, we can apply integration by substitution. Let $u = -\frac{1}{2}x^2$. Then $du = -x \, dx$, so $x \, dx = -du$. Substituting, the numerator becomes:

$$
\int_0^{\infty} x \frac{1}{\sqrt{2\pi}} e^{-\frac{1}{2}x^2} \, dx = \frac{1}{\sqrt{2\pi}} \int_{u(0)}^{u(\infty)} e^u (-du) = \frac{1}{\sqrt{2\pi}} \int_{-\infty}^0 e^u \, du.
$$

Evaluating this integral:

$$
\frac{1}{\sqrt{2\pi}} \int_{-\infty}^0 e^u \, du = \frac{1}{\sqrt{2\pi}} \left[ e^u \right]_{-\infty}^0 = \frac{1}{\sqrt{2\pi}} (1 - 0) = \frac{1}{\sqrt{2\pi}}.
$$

The denominator is the probability that $X > 0$, which for a standard normal distribution is $\frac{1}{2}$ (since the distribution is symmetric about 0). Therefore:

$$E[X \mid X > 0] = \frac{\frac{1}{\sqrt{2\pi}}}{\frac{1}{2}} = \frac{2}{\sqrt{2\pi}} = \frac{\sqrt{2}}{\sqrt{\pi}} = \sqrt{\frac{2}{\pi}}.$$ 

Valid Answers: $\sqrt{\frac{2}{\pi}}$",green_book,2026-05-03 19:56:08.862229+00,Recall that the conditional expectation E[X | X > 0] is the expected value of X given that X is positive. Consider how you can express this expectation using the probability density function of the standard normal distribution and the definition of conditional probability.
41,Taylor Series Fundamentals and Applications,calculus,Important Calculus Methods,"The one-dimensional Taylor series expansion of a function $f(x)$ around a point $x_0$ is given by:

$$f(x) = f(x_0) + f'(x_0)(x - x_0) + \frac{f''(x_0)}{2!}(x - x_0)^2 + \cdots + \frac{f^{(n)}(x_0)}{n!}(x - x_0)^n + \cdots$$

When $x_0 = 0$, this becomes the Maclaurin series:

$$f(x) = f(0) + f'(0)x + \frac{f''(0)}{2!}x^2 + \frac{f'''(0)}{3!}x^3 + \cdots$$

The Maclaurin series for $e^x$, $\sin x$, and $\cos x$ are:

$$e^x = \sum_{n=0}^{\infty} \frac{x^n}{n!} = 1 + x + \frac{x^2}{2!} + \frac{x^3}{3!} + \cdots$$

$$\sin x = \sum_{n=0}^{\infty} (-1)^n \frac{x^{2n+1}}{(2n+1)!} = x - \frac{x^3}{3!} + \frac{x^5}{5!} - \cdots$$

$$\cos x = \sum_{n=0}^{\infty} (-1)^n \frac{x^{2n}}{(2n)!} = 1 - \frac{x^2}{2!} + \frac{x^4}{4!} - \cdots$$

The Taylor series can also be expressed as a finite sum (the $n$th-degree Taylor polynomial $T_n(x)$) plus a remainder term $R_n(x)$:

$$f(x) = T_n(x) + R_n(x) = \sum_{k=0}^n \frac{f^{(k)}(x_0)}{k!}(x - x_0)^k + \frac{f^{(n+1)}(c)}{(n+1)!}(x - x_0)^{n+1}$$ 

where $c$ lies between $x_0$ and $x$. If $M$ is the maximum of $|f^{(n+1)}(x)|$ for all $x$ between $x_0$ and $x$, then the remainder satisfies:

$$|R_n(x)| \leq \frac{M}{(n+1)!}|x - x_0|^{n+1}$$

A. What is the value of $c$ in the remainder term $R_n(x)$?","The solution employs Euler's formula, $e^{i\theta} = \cos \theta + i \sin \theta$, which can be derived using Taylor series expansions. Let's examine the proof step-by-step.

First, we expand $e^{i\theta}$, $\cos \theta$, and $\sin \theta$ using their respective Maclaurin series:

$$e^{i\theta} = \sum_{n=0}^{\infty} \frac{(i\theta)^n}{n!} = 1 + i\theta + \frac{(i\theta)^2}{2!} + \frac{(i\theta)^3}{3!} + \cdots$$

$$= 1 + i\theta - \frac{\theta^2}{2!} - i\frac{\theta^3}{3!} + \frac{\theta^4}{4!} + i\frac{\theta^5}{5!} - \cdots$$

$$\cos \theta = \sum_{n=0}^{\infty} (-1)^n \frac{\theta^{2n}}{(2n)!} = 1 - \frac{\theta^2}{2!} + \frac{\theta^4}{4!} - \cdots$$

$$\sin \theta = \sum_{n=0}^{\infty} (-1)^n \frac{\theta^{2n+1}}{(2n+1)!} = \theta - \frac{\theta^3}{3!} + \frac{\theta^5}{5!} - \cdots$$

Grouping the real and imaginary parts of $e^{i\theta}$:

$$e^{i\theta} = \left(1 - \frac{\theta^2}{2!} + \frac{\theta^4}{4!} - \cdots\right) + i\left(\theta - \frac{\theta^3}{3!} + \frac{\theta^5}{5!} - \cdots\right) = \cos \theta + i \sin \theta$$

This confirms Euler's formula. Now, substituting $\theta = \pi$:

$$e^{i\pi} = \cos \pi + i \sin \pi = -1$$

Taking the natural logarithm of both sides:

$$i\pi = \ln(-1)$$

For $\theta = \frac{\pi}{2}$:

$$e^{i\pi/2} = \cos \frac{\pi}{2} + i \sin \frac{\pi}{2} = i$$

Thus, $\ln i = \ln \left(e^{i\pi/2}\right) = i\frac{\pi}{2}$. Therefore:

$$\ln(i) = i\frac{\pi}{2}$$

Solving for $c$ in $i^c = e^{c \ln i} = e^{c i \pi/2}$, we set this equal to $i$:

$$e^{c i \pi/2} = i = e^{i\pi/2}$$

Equating exponents:

$$c \frac{\pi}{2} = \frac{\pi}{2} \implies c = 1$$

Hence, $c = e^{-i\pi/2}$.

B. Prove $(1 + x)^n \geq 1 + nx$ for all $x > -1$ and for all integers $n \geq 2$.",green_book,2026-05-03 19:56:08.862229+00,"Consider using mathematical induction on the integer n. Start by verifying the base case (n=2) directly, then assume the inequality holds for some n=k and prove it for n=k+1 by leveraging the binomial expansion of (1 + x)^{k+1}."
42,Applying Newton's Method to Approximate a Square Root,calculus,Important Calculus Methods,Use Newton's method to approximate the solution to $x^2 = 37$ with an accuracy of three decimal places.,"Define the function $f(x) = x^2 - 37$, so solving $x^2 = 37$ is equivalent to finding the root of $f(x) = 0$. A reasonable initial guess is $x_0 = 6$. Newton's method updates the estimate using the formula:

$$x_{n+1} = x_n - \frac{f(x_n)}{f'(x_n)}.$$ 

Here, $f'(x) = 2x$, so the first iteration is:

$$x_1 = 6 - \frac{6^2 - 37}{2 \cdot 6} = 6 - \frac{-1}{12} = 6 + \frac{1}{12} = 6.083.$$ 

Evaluating $6.083^2$ gives approximately $37.00289$, which is extremely close to $37$. Thus, the approximation to three decimal places is $x = 6.083$.

Alternatively, using a first-order Taylor expansion around $x = 6$ for $f(x) = \sqrt{x}$, we have:

$$f(37) \approx f(36) + f'(36)(37 - 36) = 6 + \frac{1}{12} = 6.083.$$ 

Or, by assuming the solution is slightly larger than $6$, we set $(6 + y)^2 = 37$. Ignoring the $y^2$ term as negligible, we solve $12y = 1$ to get $y = 0.083$, yielding $x = 6.083$.

Valid Answers: 6.083",green_book,2026-05-03 19:56:08.862229+00,"Recall that Newton's method is an iterative technique for finding roots of a function. Start by rewriting the equation in the form f(x) = 0, then use the iterative formula to refine your guess. What would be a reasonable initial guess for the square root of 37?"
43,Calculating the Shortest Distance from Origin to a Plane,linear_algebra,Important Calculus Methods,"Find the shortest distance from the origin (0, 0, 0) to the plane defined by the equation 2x + 3y + 4z = 12.","The shortest distance from the origin to the plane is the minimum Euclidean distance between the origin and any point on the plane. This can be framed as an optimization problem:

minimize $D^2 = x^2 + y^2 + z^2$

subject to the constraint $2x + 3y + 4z - 12 = 0$.

Using the method of Lagrange multipliers, we introduce a multiplier $\lambda$ and form the Lagrangian:

$$\mathcal{L}(x, y, z, \lambda) = x^2 + y^2 + z^2 + \lambda(2x + 3y + 4z - 12).$$

Taking partial derivatives and setting them to zero yields the system:

$$
\begin{aligned}
\frac{\partial \mathcal{L}}{\partial x} &= 2x + 2\lambda = 0 \quad \Rightarrow \quad x = -\lambda, \\
\frac{\partial \mathcal{L}}{\partial y} &= 2y + 3\lambda = 0 \quad \Rightarrow \quad y = -\frac{3}{2}\lambda, \\
\frac{\partial \mathcal{L}}{\partial z} &= 2z + 4\lambda = 0 \quad \Rightarrow \quad z = -2\lambda, \\
\frac{\partial \mathcal{L}}{\partial \lambda} &= 2x + 3y + 4z - 12 = 0.
\end{aligned}
$$

Substituting $x$, $y$, and $z$ into the constraint equation:

$$2(-\lambda) + 3\left(-\frac{3}{2}\lambda\right) + 4(-2\lambda) = 12,$$

which simplifies to

$$-2\lambda - \frac{9}{2}\lambda - 8\lambda = 12 \quad \Rightarrow \quad -\frac{29}{2}\lambda = 12 \quad \Rightarrow \quad \lambda = -\frac{24}{29}.$$ 

Thus, the coordinates of the closest point are:

$$x = \frac{24}{29}, \quad y = \frac{36}{29}, \quad z = \frac{48}{29}.$$ 

The minimum distance is then:

$$D = \sqrt{x^2 + y^2 + z^2} = \sqrt{\left(\frac{24}{29}\right)^2 + \left(\frac{36}{29}\right)^2 + \left(\frac{48}{29}\right)^2} = \frac{\sqrt{24^2 + 36^2 + 48^2}}{29} = \frac{\sqrt{576 + 1296 + 2304}}{29} = \frac{\sqrt{4176}}{29} = \frac{24\sqrt{7}}{29} = \frac{2\sqrt{29}}{29}.$$ 

Alternatively, for a plane given by $ax + by + cz = d$, the distance from the origin is:

$$D = \frac{|d|}{\sqrt{a^2 + b^2 + c^2}} = \frac{12}{\sqrt{2^2 + 3^2 + 4^2}} = \frac{12}{\sqrt{4 + 9 + 16}} = \frac{12}{\sqrt{29}} = \frac{12\sqrt{29}}{29} = \frac{2\sqrt{29}}{29}.$$

Valid Answers: $\frac{2\sqrt{29}}{29}$",green_book,2026-05-03 19:56:08.862229+00,Recall that the shortest distance from a point to a plane is along the line perpendicular to the plane. Think about how the normal vector of the plane (derived from its coefficients) can help you find this perpendicular direction.
44,Solving separable differential equations with initial conditions,calculus,Important Calculus Methods,"Consider the separable differential equation of the form dy/dx = g(x)h(y). By rearranging terms, we can express it as dy/h(y) = g(x)dx. Integrating both sides yields the implicit solution ∫(1/h(y)) dy = ∫g(x) dx.

A. Solve the ordinary differential equation y' + 6xy = 0 with the initial condition y(0) = 1.","For part A, we identify g(x) = -6x and h(y) = y, so the equation becomes dy/dx = -6xy. Separating variables gives dy/y = -6x dx. Integrating both sides yields ∫(1/y) dy = ∫-6x dx, which produces ln|y| = -3x² + c, where c is an arbitrary constant. Exponentiating both sides gives y = e^(-3x² + c) = e^c * e^(-3x²). Applying the initial condition y(0) = 1, we substitute x = 0 and y = 1 to find 1 = e^c * e^(0), so e^c = 1 and c = 0. Thus, the solution simplifies to y = e^(-3x²).

B. Solve ordinary differential equation y' = x - y / (x + y)",green_book,2026-05-03 19:56:08.862229+00,"First, check if the given differential equation is separable. If not, consider rewriting it to see if it can be transformed into a separable form. Look for substitutions or algebraic manipulations that might simplify the equation."
45,General Solution for a Second-Order Homogeneous Linear ODE,calculus,Important Calculus Methods,"Find the general solution to the second-order homogeneous linear differential equation given by:
$$y'' + y' + y = 0.$$","For the differential equation $y'' + y' + y = 0$, the coefficients are $a = 1$, $b = 1$, and $c = 1$. The characteristic equation is derived as:
$$r^2 + r + 1 = 0.$$ 
Solving for the roots using the quadratic formula:
$$r = \frac{-b \pm \sqrt{b^2 - 4ac}}{2a} = \frac{-1 \pm \sqrt{1 - 4}}{2} = \frac{-1 \pm \sqrt{-3}}{2} = -\frac{1}{2} \pm \frac{\sqrt{3}}{2}i.$$ 
Here, the roots are complex conjugates of the form $\alpha \pm \beta i$, where $\alpha = -\frac{1}{2}$ and $\beta = \frac{\sqrt{3}}{2}$. 

For a second-order homogeneous linear differential equation with complex roots $\alpha \pm \beta i$, the general solution is given by:
$$y(x) = e^{\alpha x} \left(c_1 \cos(\beta x) + c_2 \sin(\beta x)\right).$$ 
Substituting the values of $\alpha$ and $\beta$, the general solution becomes:
$$y(x) = e^{-\frac{1}{2}x} \left(c_1 \cos\left(\frac{\sqrt{3}}{2}x\right) + c_2 \sin\left(\frac{\sqrt{3}}{2}x\right)\right).$$

Valid Answers: $y(x) = e^{-\frac{1}{2}x} \left(c_1 \cos\left(\frac{\sqrt{3}}{2}x\right) + c_2 \sin\left(\frac{\sqrt{3}}{2}x\right)\right)$",green_book,2026-05-03 19:56:08.862229+00,"Recall that for second-order linear ODEs with constant coefficients, the standard approach is to first derive the characteristic equation. Focus on how the nature of the roots (real vs. complex) determines the form of the general solution."
46,Implementing Linear Least Squares via QR Decomposition,linear_algebra,0.6,Suppose you need to perform linear least squares regression on a dataset but your programming environment lacks a built-in least squares solver. How would you construct an algorithm to compute the regression coefficients using QR decomposition?,"Linear least squares regression is a fundamental statistical technique. To implement it without a dedicated function, we can leverage QR decomposition. Consider a linear regression model with n observations and p regressors:

Y_i = β₀X_{i,0} + β₁X_{i,1} + ... + β_{p-1}X_{i,p-1} + ε_i, where X_{i,0} = 1 for all i (the intercept term).

In matrix form, this becomes:

Y = Xβ + ε,

where Y is an n×1 vector of responses, X is an n×p design matrix (with columns representing regressors including the intercept), β is a p×1 vector of coefficients to estimate, and ε is an n×1 vector of errors.

The least squares objective is to minimize the sum of squared residuals:

min_β Σ_{i=1}^n ε_i² = min_β (Y - Xβ)ᵀ(Y - Xβ).

Taking the derivative with respect to β and setting it to zero yields the normal equations:

(XᵀX)β = XᵀY.

Let A = XᵀX and b = XᵀY. The problem reduces to solving Aβ = b. Since A may be ill-conditioned, we use QR decomposition instead of directly inverting A.

QR decomposition factors A into an orthogonal matrix Q and an upper-triangular matrix R with positive diagonal entries: A = QR. Since Q is orthogonal, QᵀQ = I, so:

QRβ = b ⇒ Rβ = Qᵀb.

Because R is upper-triangular, we solve for β via back-substitution starting from the last equation:

R_{p,p}β_p = (Qᵀb)_p ⇒ β_p = (Qᵀb)_p / R_{p,p}.

We then iteratively solve for β_{p-1}, ..., β₀ using the remaining equations. This yields the least squares estimate β.

Valid Answers: QR decomposition followed by back-substitution on Rβ = Qᵀb",green_book,2026-05-03 19:56:08.862229+00,Recall that QR decomposition factors a matrix into an orthogonal matrix Q and an upper-triangular matrix R. How might this structure help you solve the normal equations (XᵀX)β = XᵀY efficiently? Think about the properties of orthogonal matrices and how they simplify matrix operations.
47,Generating Correlated Normal Random Variables via Cholesky Decomposition,linear_algebra,p     1,"Suppose you have access to a random number generator that produces independent standard normal (N(0,1)) random variables. How can you use Cholesky decomposition to generate two such variables, X₁ and X₂, with a specified correlation coefficient ρ?","To generate two standard normal random variables X₁ and X₂ with correlation ρ, we first generate two independent standard normal variables Z₁ and Z₂. Then, we construct X₁ and X₂ using the Cholesky decomposition of the covariance matrix. Specifically, we set:

X₁ = Z₁
X₂ = ρZ₁ + √(1 − ρ²) Z₂

To verify the properties of these variables:
- The variance of X₁ is Var(X₁) = Var(Z₁) = 1.
- The variance of X₂ is Var(X₂) = ρ² Var(Z₁) + (1 − ρ²) Var(Z₂) = ρ² + (1 − ρ²) = 1.
- The covariance between X₁ and X₂ is Cov(X₁, X₂) = Cov(Z₁, ρZ₁ + √(1 − ρ²) Z₂) = ρ Cov(Z₁, Z₁) + √(1 − ρ²) Cov(Z₁, Z₂) = ρ, since Z₁ and Z₂ are independent.

This method leverages the Cholesky decomposition to transform independent standard normal variables into correlated ones with the desired correlation structure.

Valid Answers: X₁ = Z₁, X₂ = ρZ₁ + √(1 − ρ²) Z₂",green_book,2026-05-03 19:56:08.862229+00,"Consider how the Cholesky decomposition can be used to transform a vector of independent standard normal variables into a correlated vector. Focus on constructing a lower triangular matrix that, when multiplied by the independent variables, yields the desired correlation structure."
48,Probability of Winning in a Card Comparison Game,probability,,"A standard deck of 52 cards is used in a casino game where each card has a unique value (2 through Ace). The deck is shuffled thoroughly before each round. You draw one card, and the dealer draws another without replacement. If your card’s value is strictly higher than the dealer’s, you win; otherwise, the house wins. What is the probability that you win this game?","We can approach this problem by considering the symmetry between the outcomes where your card is higher versus lower than the dealer’s card. Let’s define the following events:

- $E_1$: Your card has a higher value than the dealer’s card.
- $E_2$: Your card has the same value as the dealer’s card.
- $E_3$: Your card has a lower value than the dealer’s card.

By symmetry, the probabilities of $E_1$ and $E_3$ are equal, i.e., $P(E_1) = P(E_3)$. This is because the deck is shuffled randomly, and no card is inherently more likely to be higher or lower than another when drawn first.

Now, we calculate $P(E_2)$, the probability that both cards have the same value. After you draw a card, there are 51 remaining cards, and exactly 3 of them share the same value as your card (since there are 4 cards of each value in the deck). Thus, the probability of $E_2$ is:

$$P(E_2) = rac{3}{51} = rac{1}{17}.$$ 

Since the total probability must sum to 1, we have:

$$P(E_1) + P(E_2) + P(E_3) = 1.$$ 

Given $P(E_1) = P(E_3)$, this simplifies to:

$$2P(E_1) + rac{1}{17} = 1.$$ 

Solving for $P(E_1)$:

$$2P(E_1) = 1 - rac{1}{17} = rac{16}{17},$$ 

$$P(E_1) = rac{8}{17}.$$ 

Thus, the probability that you win the game is $rac{8}{17}$.

Valid Answers: 8/17",green_book,2026-05-03 19:56:08.862229+00,"Consider the symmetry between the outcomes where your card is higher versus lower than the dealer’s card. What does this symmetry imply about their probabilities? Also, think about the probability of both cards having the same value."
49,Probability of Last Passenger Getting Their Seat,probability,,"One hundred airline passengers are lined up to board a plane with 100 seats. Passenger 1 holds a ticket for seat 1, passenger 2 for seat 2, and so on. The first passenger, however, is intoxicated and randomly selects a seat (uniformly over all 100 seats). Every subsequent passenger follows the rule: if their assigned seat is available, they take it; otherwise, they randomly pick an unoccupied seat. You are the 100th passenger in line. What is the probability that you end up seated in your assigned seat (seat 100)?","Focus on the two critical seats: seat 1 and seat 100. There are only two relevant outcomes once the first passenger chooses a seat:

1. Seat 1 is occupied before seat 100 is occupied.
2. Seat 100 is occupied before seat 1 is occupied.

If seat 100 is taken before seat 1, then you (passenger 100) will not get your assigned seat. Conversely, if seat 1 is taken before seat 100, you will definitely get your assigned seat. By symmetry, these two outcomes are equally likely, each with a probability of 0.5. Therefore, the probability that you end up in seat 100 is 50%.

To see this more clearly, consider the possible choices of the first passenger:
- If the first passenger randomly picks seat 1, then all subsequent passengers will sit in their assigned seats, including you.
- If the first passenger picks seat 100, then you will not get your seat.
- If the first passenger picks any seat n where 2 ≤ n ≤ 99, then passengers 2 through n−1 will sit in their assigned seats. Passenger n now becomes the new ""drunk"" passenger, facing the same dilemma: they will either choose seat 1 (allowing everyone else, including you, to sit correctly) or seat 100 (preventing you from sitting in your seat). Since the choice between seat 1 and seat 100 is symmetric at every step, the probability remains 0.5.

Thus, the probability that you, as the 100th passenger, end up in seat 100 is 0.5.

Valid Answers: 0.5",green_book,2026-05-03 19:56:08.862229+00,Consider the first passenger's choice and how it affects the availability of seat 1 and seat 100. Think about the symmetry between these two critical seats and how the problem reduces to a simpler choice between them.
50,Probability that N random points on a circle all lie within a semicircle,probability,,"If N points are placed uniformly at random on the circumference of a circle, what is the probability that all N points lie within some semicircle of that circle?","Fix one of the N points as a reference and label the remaining points in clockwise order as 1, 2, …, N. The probability that every point from 1 through N lies within the clockwise semicircle starting at the reference point is $\tfrac{1}{2^{N-1}}$. The same reasoning shows that for any fixed point $i$ among the N, the probability that all other points lie within the clockwise semicircle beginning at $i$ is also $\tfrac{1}{2^{N-1}}$.

We now argue that these N events—one for each possible starting point—are mutually exclusive. Suppose, starting at point $i$, we can traverse the remaining points in clockwise order (i+1, i+2, …, N, 1, …, i−1) without ever exceeding a half-circle arc. Then the clockwise gap from i−1 back to i must be at least a half-circle. Any other starting point $j$ must include this large gap when attempting to reach all other points clockwise, so no other starting point can contain all N points within a semicircle. Hence the events are disjoint, and the total probability is the sum of their individual probabilities:

$$P(\text{all points in some semicircle}) = N \cdot \frac{1}{2^{N-1}} = \frac{N}{2^{N-1}}.$$ 

The same logic applies to any arc whose length is a fixed fraction $x$ of the full circumference (with $x\le\tfrac12$); in that case the probability becomes $N x^{N-1}$.

Valid Answers: N/2^(N-1)",green_book,2026-05-03 19:56:08.862229+00,Consider fixing one point as a reference and examining the angular distances between the remaining points in a clockwise direction. Think about how the condition for all points to lie within a semicircle translates to constraints on these angular distances.
51,Probability of Specific Poker Hand Combinations,combinatorics,Combinatorial Analysis,"In a standard 52-card deck, calculate the probabilities of being dealt the following poker hands: 
1) Four-of-a-kind (four cards of the same value and one unrelated card)
2) Full house (three cards of one value and two cards of another value)
3) Two pairs (two different pairs and one unrelated card)","The total number of possible 5-card hands is the combination of 52 cards taken 5 at a time, calculated as $\binom{52}{5} = 2,598,960$.

1) Four-of-a-kind hands:
   - Choose the value for the four matching cards: 13 possible values.
   - Choose the suit for each of these four cards: $\binom{4}{4} = 1$ way.
   - Choose the fifth card from the remaining 48 cards (since 4 cards of the chosen value are already used).
   - Total four-of-a-kind combinations: $13 \times 1 \times 48 = 624$.

2) Full house hands:
   - Choose the value for the three matching cards: 13 possible values.
   - Choose the suits for these three cards: $\binom{4}{3} = 4$ ways.
   - Choose the value for the pair: 12 remaining values.
   - Choose the suits for the pair: $\binom{4}{2} = 6$ ways.
   - Total full house combinations: $13 \times 4 \times 12 \times 6 = 3,744$.

3) Two pairs hands:
   - Choose the two values for the pairs: $\binom{13}{2} = 78$ ways.
   - Choose the suits for the first pair: $\binom{4}{2} = 6$ ways.
   - Choose the suits for the second pair: $\binom{4}{2} = 6$ ways.
   - Choose the fifth card from the remaining 44 cards (excluding the 8 cards already used for the pairs).
   - Total two pairs combinations: $78 \times 6 \times 6 \times 44 = 123,552$.

The probabilities are calculated by dividing the number of favorable hands by the total number of possible hands:
- Four-of-a-kind probability: $\frac{624}{2,598,960}$
- Full house probability: $\frac{3,744}{2,598,960}$
- Two pairs probability: $\frac{123,552}{2,598,960}$

Valid Answers: 
Four-of-a-kind: 624, Full house: 3744, Two pairs: 123552",green_book,2026-05-03 19:56:42.206183+00,"Start by calculating the total number of possible 5-card hands from a 52-card deck. For each hand type, break down the problem into choosing the ranks (values) first, then the suits for those ranks, and finally any remaining cards. Consider how the order of selection affects the count for hands like two pairs."
52,Counting Rabbit's Paths Up a Staircase,combinatorics,Combinatorial Analysis,"A rabbit starts at the base of a staircase with n steps. At each move, the rabbit can climb either one step or two steps. How many distinct sequences of hops allow the rabbit to reach the top of the staircase? Assume the rabbit can only move upward.","We approach this by examining small cases and then generalizing using induction. For a staircase with one step, there is exactly one possible path: a single one-step hop. Thus, f(1) = 1. For two steps, the rabbit can either take two one-step hops or one two-step hop, giving f(2) = 2. For any staircase with more than two steps, the final hop must be either a one-step or a two-step hop. If the final hop is one step, the rabbit must have reached step n-1 first, and there are f(n-1) ways to reach step n-1. If the final hop is two steps, the rabbit must have reached step n-2 first, and there are f(n-2) ways to reach step n-2. Therefore, the total number of ways to reach step n is the sum of these two possibilities: f(n) = f(n-1) + f(n-2). Using this recurrence relation, we can compute f(n) for any n ≥ 3.

Valid Answers: f(n) = f(n-1) + f(n-2)",green_book,2026-05-03 19:56:42.206183+00,"Try working through small examples first, like 1 step or 2 steps, to see if you can spot a pattern. Think about how the last move affects the total number of paths."
53,Optimal Lock Configuration for Pirate Majority Access,combinatorics,Combinatorial Analysis,"A band of 11 pirates needs to secure their treasure in a safe that can only be opened by a majority of them working together. The locksmith installs multiple locks on the safe, where each lock requires a unique key to open. Each key opens exactly one lock, and a pirate can carry multiple keys. The goal is to ensure that any group of 6 or more pirates can open all locks, but no group of 5 or fewer pirates can open the safe completely.

What is the minimum number of locks required to satisfy these conditions? Additionally, how many keys should each individual pirate be given?","This problem is a classic example of applying combinatorial principles to access control. The solution leverages the concept that for any subset of 5 pirates, there must exist at least one lock that they cannot open collectively. However, any group of 6 pirates must possess all the necessary keys to open every lock.

To achieve this, we consider all possible combinations of 5 pirates out of the 11. For each such combination, we introduce a unique lock that none of these 5 pirates can open. This ensures that no group of 5 pirates can open the safe, as they lack the key to at least one lock. Conversely, any group of 6 pirates must include at least one pirate who is not in the selected 5-pirate subset, meaning they will have the key to every lock.

The number of unique 5-pirate combinations from 11 pirates is given by the binomial coefficient $\binom{11}{5} = \frac{11!}{5!6!} = 462$. Thus, the minimum number of locks required is 462. Each lock is assigned to a unique 6-pirate subgroup, meaning each lock has 6 keys distributed among those pirates.

To determine the number of keys each pirate carries, we calculate the total number of key assignments across all locks. Since there are 462 locks and each lock has 6 keys, the total number of keys is $462 \times 6 = 2772$. With 11 pirates sharing these keys equally, each pirate must carry $\frac{2772}{11} = 252$ keys.

Valid Answers: 462 locks, 252 keys per pirate",green_book,2026-05-03 19:56:42.206183+00,Think about the smallest group that should *not* be able to open the safe. How can you design locks to ensure that every possible combination of that group size is missing at least one key? Consider how many unique subsets of that size exist.
54,Probability of Top Two Players Meeting in Final Round,combinatorics,Combinatorial Analysis,"A knockout chess tournament features 2n players ranked by skill from 1 (best) to 2n (worst). In each round except the final, opponents are randomly paired, and the higher-ranked player always wins. What is the probability that the two top players (ranked 1 and 2) face each other in the final match?","We present two methods to solve this problem: a conditional probability approach and a counting approach.

**Conditional Probability Approach:**
The tournament consists of n rounds (including the final). For players 1 and 2 to meet in the final, they must avoid each other in all preceding rounds. In round 1, player 1 has 2n - 1 possible opponents, of which 2n - 2 are not player 2. Thus, the probability they do not meet in round 1 is $\frac{2n - 2}{2n - 1}$. Conditional on not meeting in round 1, there are 2n - 2 players remaining for round 2, and the probability they do not meet in round 2 is $\frac{2n - 4}{2n - 3}$. This pattern continues until the (n - 1)th round, where the conditional probability of avoiding each other is $\frac{2}{3}$. The overall probability is the product of these conditional probabilities:

$$P(\text{1 and 2 meet in final}) = \frac{2n - 2}{2n - 1} \cdot \frac{2n - 4}{2n - 3} \cdots \frac{2}{3} = \frac{2^{n-1}(n - 1)!}{(2n - 1)!!}.$$ 

**Counting Approach:**
The tournament can be viewed as two independent subtournaments of size $2^{n-1}$ players each, with the winners advancing to the final. For players 1 and 2 to meet in the final, they must be placed in different subtournaments. There are $2n - 1$ possible opponents for player 1, and $2^{n-1} - 1$ of these are in the same subtournament as player 1. Thus, the probability player 2 is in the other subtournament is:

$$P(\text{1 and 2 meet in final}) = \frac{2^{n-1} - 1}{2n - 1}.$$ 

Simplifying this expression yields the same result as the conditional probability approach:

$$P(\text{1 and 2 meet in final}) = \frac{2^{n-1}}{2n - 1}.$$ 

Valid Answers: $\frac{2^{n-1}}{2n - 1}$",green_book,2026-05-03 19:56:42.206183+00,"Consider the structure of the tournament as a sequence of rounds where the two top players must avoid each other until the final. Focus on the probability that they are not paired in any of the earlier rounds, which depends on the number of remaining players at each stage."
55,Probability of All Letters Being Misdirected in Job Applications,combinatorics,The special case with players 1 and 2 in different groups,"You are applying to five companies: Morgan Stanley, Lehman Brothers, UBS, Goldman Sachs, and Merrill Lynch. You have five envelopes, each addressed to one of these firms, and five personalized cover letters. Your 3-year-old child randomly inserted each letter into an envelope without regard to the intended recipient. What is the probability that every single cover letter ends up in the wrong envelope?","This problem is a classic application of the Inclusion-Exclusion Principle. Let $E_i$ (for $i = 1, \dots, 5$) denote the event that the $i$-th letter is placed in the correct envelope. The probability that at least one letter is correctly placed is given by $P(\bigcup_{i=1}^5 E_i)$, and the probability that all letters are misplaced is $1 - P(\bigcup_{i=1}^5 E_i)$.

To compute $P(\bigcup_{i=1}^5 E_i)$, we apply the Inclusion-Exclusion Principle:

$$
P\left(\bigcup_{i=1}^5 E_i\right) = \sum_{i=1}^5 P(E_i) - \sum_{1 \leq i_1 < i_2 \leq 5} P(E_{i_1} \cap E_{i_2}) + \sum_{1 \leq i_1 < i_2 < i_3 \leq 5} P(E_{i_1} \cap E_{i_2} \cap E_{i_3}) - \cdots + (-1)^{5+1} P(E_1 \cap \cdots \cap E_5).
$$

First, we calculate $P(E_i)$ for any single $i$. Since there are 5 envelopes and only one correct match, $P(E_i) = \frac{1}{5}$ for all $i$. There are $\binom{5}{1} = 5$ such terms, so the first sum is:

$$
\sum_{i=1}^5 P(E_i) = 5 \cdot \frac{1}{5} = 1.
$$

Next, we compute $P(E_{i_1} \cap E_{i_2})$ for any pair $(i_1, i_2)$. The probability that both the $i_1$-th and $i_2$-th letters are correctly placed is $\frac{1}{5} \cdot \frac{1}{4} = \frac{1}{20}$, since after placing one letter correctly, there are 4 envelopes left for the second. There are $\binom{5}{2} = 10$ such pairs, so the second sum is:

$$
\sum_{1 \leq i_1 < i_2 \leq 5} P(E_{i_1} \cap E_{i_2}) = 10 \cdot \frac{1}{20} = \frac{1}{2}.
$$

Similarly, for any triplet $(i_1, i_2, i_3)$, the probability that all three letters are correctly placed is $\frac{1}{5} \cdot \frac{1}{4} \cdot \frac{1}{3} = \frac{1}{60}$. There are $\binom{5}{3} = 10$ such triplets, so the third sum is:

$$
\sum_{1 \leq i_1 < i_2 < i_3 \leq 5} P(E_{i_1} \cap E_{i_2} \cap E_{i_3}) = 10 \cdot \frac{1}{60} = \frac{1}{6}.
$$

For any quadruplet $(i_1, i_2, i_3, i_4)$, the probability is $\frac{1}{5} \cdot \frac{1}{4} \cdot \frac{1}{3} \cdot \frac{1}{2} = \frac{1}{120}$. There are $\binom{5}{4} = 5$ such quadruplets, so the fourth sum is:

$$
\sum_{1 \leq i_1 < i_2 < i_3 < i_4 \leq 5} P(E_{i_1} \cap \cdots \cap E_{i_4}) = 5 \cdot \frac{1}{120} = \frac{1}{24}.
$$

Finally, the probability that all five letters are correctly placed is $\frac{1}{5!} = \frac{1}{120}$.

Substituting these into the Inclusion-Exclusion formula:

$$
P\left(\bigcup_{i=1}^5 E_i\right) = 1 - \frac{1}{2} + \frac{1}{6} - \frac{1}{24} + \frac{1}{120} = \frac{11}{30}.
$$

Thus, the probability that all letters are misplaced is:

$$
1 - \frac{11}{30} = \frac{19}{30}.
$$

Valid Answers: 19/30",green_book,2026-05-03 19:56:42.206183+00,Consider the probability of at least one letter being correctly placed first. Think about how to account for overlapping cases where multiple letters are correctly placed. The Inclusion-Exclusion Principle is a powerful tool for such scenarios.
56,Minimum Class Size for Over 50% Birthday Match Probability,combinatorics,The special case with players 1 and 2 in different groups,Determine the smallest number of people required in a group so that the probability of at least two individuals sharing the same birthday exceeds 50%. Assume a non-leap year with 365 days.,"The answer is surprisingly low: 23 people. Consider a group of $n$ individuals. Each person’s birthday can independently fall on any of the 365 days of the year, yielding $365^n$ total possible birthday combinations. To find the number of combinations where no two birthdays coincide, we calculate the permutations of 365 days taken $n$ at a time: $365 \times 364 \times \cdots \times (365 - n + 1)$. This product represents the number of ways to assign distinct birthdays to all $n$ people. The probability that all birthdays are unique is then $\frac{365 \times 364 \times \cdots \times (365 - n + 1)}{365^n}$. We seek the smallest $n$ for which this probability drops below $\frac{1}{2}$, ensuring the complementary probability (at least one shared birthday) exceeds $\frac{1}{2}$. Through calculation, we find that $n = 23$ is the minimal value satisfying this condition.

Valid Answers: 23",green_book,2026-05-03 19:56:42.206183+00,"Instead of calculating the probability of a shared birthday directly, consider the complementary probability—that all birthdays are unique. Think about how this probability changes as the group size grows, and focus on the point where it drops below 50%."
57,Hundredth Decimal Digit,combinatorics,The special case with players 1 and 2 in different groups,Compute the 100th digit after the decimal point in the decimal expansion of $(1 + rac{1}{\sqrt{2}})^{3000}$.,"Consider the expression $(1 + \frac{1}{\sqrt{2}})^{3000} + (1 - \frac{1}{\sqrt{2}})^{3000}$. Expanding both terms using the binomial theorem yields:

$$
(1 + \frac{1}{\sqrt{2}})^{3000} + (1 - \frac{1}{\sqrt{2}})^{3000} = \sum_{k=0}^{3000} \binom{3000}{k} \frac{1}{(\sqrt{2})^k} + \sum_{k=0}^{3000} \binom{3000}{k} \frac{(-1)^k}{(\sqrt{2})^k}.
$$

All terms where $k$ is odd cancel out, leaving only even-indexed terms:

$$
= 2 \sum_{j=0}^{1500} \binom{3000}{2j} \frac{1}{(\sqrt{2})^{2j}} = 2 \sum_{j=0}^{1500} \binom{3000}{2j} \frac{1}{2^j}.
$$

This sum is clearly an integer because each term is an integer.

Next, observe that $0 < (1 - \frac{1}{\sqrt{2}})^{3000} < 10^{-100}$. This follows from the fact that $1 - \frac{1}{\sqrt{2}} \approx 0.2929$, and raising it to the 3000th power results in an extremely small positive number.

Thus, $(1 + \frac{1}{\sqrt{2}})^{3000}$ is equal to an integer minus a very small positive number. This means the decimal representation of $(1 + \frac{1}{\sqrt{2}})^{3000}$ consists of an integer part followed by a decimal part that is very close to 1. Specifically, the decimal part must start with 999... (many 9s) because subtracting a tiny positive number from an integer yields a decimal expansion just below that integer.

Therefore, the 100th digit after the decimal point is 9.

Valid Answers: 9",green_book,2026-05-03 19:56:42.206183+00,Consider the conjugate expression $(1 - \frac{1}{\sqrt{2}})^{3000}$ and how it relates to $(1 + \frac{1}{\sqrt{2}})^{3000}$. Think about the magnitude of the conjugate term and how it affects the decimal expansion of the sum.
58,Probability that the cube of an integer ends with 11,combinatorics,The special case with players 1 and 2 in different groups,Let x be an integer chosen uniformly at random from 1 to 10^12. What is the probability that the last two digits of x³ are 11?,"Any integer x can be written as x = a + 10b, where a is the units digit (0 ≤ a ≤ 9) and b is the integer formed by all digits except the units digit. Expanding x³ using the binomial theorem gives:

$$x^3 = (a + 10b)^3 = a^3 + 30a^2b + 300ab^2 + 1000b^3.$$ 

The last two digits of x³ depend only on the last two digits of x, so we focus on the contribution from the first two terms, a³ + 30a²b. The term 300ab² and 1000b³ contribute multiples of 100, which do not affect the last two digits.

For the last two digits of x³ to be 11, the units digit of x³ must be 1. The only digit a (0–9) satisfying a³ ≡ 1 (mod 10) is a = 1, since 1³ = 1 and no other single-digit cube ends in 1.

With a = 1, the expression simplifies to 1 + 30b. For the last two digits to be 11, we require:

$$1 + 30b mod 100 = 11 
ightarrow 30b mod 100 = 10.$$ 

Dividing both sides by 10 gives 3b ≡ 1 (mod 10). The only digit b (0–9) satisfying this is b = 7, since 3 × 7 = 21 ≡ 1 (mod 10).

Thus, the only integers x in [1, 10¹²] whose cubes end in 11 are those ending in 71. Since the last two digits are uniformly distributed over 100 possibilities, the probability is 1/100 = 1%.

Valid Answers: 0.01",green_book,2026-05-03 19:56:42.206183+00,"Focus on the last two digits of the integer and its cube. The last two digits of a cube depend only on the last two digits of the original number, so you can simplify the problem by considering numbers modulo 100. Start by finding which units digits (0-9) result in a cube ending with 1."
59,Probability of Two Boys Given At Least One Son,conditional_probability,Conditional Probability and Bayes' formula,"Part A. A company is hosting a dinner exclusively for working mothers who have at least one son. Ms. Jackson, a mother of two children, is invited. What is the probability that both of her children are boys?","The sample space for two children is represented as Ω = {(b,b), (b,g), (g,b), (g,g)}, where each outcome is equally likely. Since Ms. Jackson is invited, she must have at least one son. Let B denote the event that at least one child is a boy, and A denote the event that both children are boys. The conditional probability is then calculated as follows:

P(A | B) = P(A ∩ B) / P(B) = P({(b,b)}) / P({(b,b), (b,g), (g,b)}) = (1/4) / (3/4) = 1/3.

Part B. Your new colleague, Ms. Parker, is known to have two children. If you observe her walking with one of her children and that child is a boy, what is the probability that both of her children are boys?",green_book,2026-05-03 19:56:42.206183+00,Consider how the observation of a specific child being a boy changes the sample space. Think about whether the order or identity of the children matters in this scenario.
60,Gender Ratio in a Society with Stopping Rule,conditional_probability,Conditional Probability and Bayes' formula,"In a certain society, every couple continues to have children until they have a girl, at which point they stop. Each birth has a 50% independent probability of resulting in a girl. What will be the long-term proportion of girls in this population?","A common misconception is that the stopping rule (continuing until a girl is born) would skew the gender ratio. However, the gender of each child is determined independently with a 50% chance of being a girl, unaffected by parental preferences or prior births. Thus, the proportion of girls remains 50% over time.

To illustrate, consider the possible sequences of births for a couple: G (1 girl, stop), BG (1 boy, then 1 girl, stop), BBG (2 boys, then 1 girl, stop), BBBG, and so on. Each sequence has a probability of $0.5^n$ where $n$ is the number of children. The expected number of girls per couple is the sum of the probabilities of each sequence, which simplifies to:

$$\sum_{n=1}^{\infty} 0.5^n = 1.$$ 

The expected number of boys per couple is the sum of the probabilities of having $n-1$ boys before the first girl:

$$\sum_{n=1}^{\infty} (n-1) \cdot 0.5^n = 1.$$ 

Thus, the expected ratio of girls to total children is $1/(1+1) = 0.5$ or 50%.

Valid Answers: 50%",green_book,2026-05-03 19:56:42.206183+00,"Consider the expected number of girls and boys per couple separately. Each birth is an independent event with a fixed probability, so the stopping rule doesn't change the underlying probabilities. Try calculating the expected values for girls and boys over all possible sequences of births."
61,Probability of Selecting the Two-Headed Coin After Ten Consecutive Heads,conditional_probability,Conditional Probability and Bayes' formula,"You have a collection of 1000 coins. Exactly one of these coins has heads on both sides, while the remaining 999 coins are fair. You pick one coin at random and flip it 10 times in a row, observing heads every time. What is the probability that the selected coin is the two-headed one?","This problem requires applying Bayes' theorem to compute a conditional probability. Let event $A$ represent selecting the unfair (two-headed) coin, and let event $A^c$ represent selecting a fair coin. Let event $B$ denote observing 10 consecutive heads in the flips.

By Bayes' theorem, the desired probability is given by:
$$ P(A 	ext{ | } B) = \frac{P(B 	ext{ | } A) P(A)}{P(B)} = \frac{P(B 	ext{ | } A) P(A)}{P(B 	ext{ | } A) P(A) + P(B 	ext{ | } A^c) P(A^c)} $$

The prior probabilities are $P(A) = \frac{1}{1000}$ and $P(A^c) = \frac{999}{1000}$.

If the selected coin is the unfair one, it always lands heads, so $P(B 	ext{ | } A) = 1$. If the coin is fair, the probability of getting heads in a single flip is $\frac{1}{2}$, so the probability of 10 consecutive heads is $P(B 	ext{ | } A^c) = \left(\frac{1}{2}\right)^{10} = \frac{1}{1024}$.

Substituting these values into Bayes' formula yields:
$$ P(A 	ext{ | } B) = \frac{1 \cdot \frac{1}{1000}}{1 \cdot \frac{1}{1000} + \frac{1}{1024} \cdot \frac{999}{1000}} = \frac{\frac{1}{1000}}{\frac{1}{1000} + \frac{999}{1024000}} = \frac{1}{1 + \frac{999}{1024}} = \frac{1024}{2023} \approx 0.5062. $$

Valid Answers: 1024/2023",green_book,2026-05-03 19:56:42.206183+00,This problem is about updating your belief based on new evidence. Consider how the observation of 10 heads in a row changes the likelihood of having picked the two-headed coin versus a fair one. What mathematical tool helps quantify this kind of update?
62,Creating fair odds with a biased coin,conditional_probability,Conditional Probability and Bayes' formula,"Given a biased coin where the probability of heads or tails is unknown, is it possible to simulate a fair outcome using this coin?","A single toss of a biased coin cannot produce fair odds, as the probability of heads or tails is not equal. However, consider two independent tosses of the same coin. Let $p_H$ denote the probability of heads and $p_T$ the probability of tails, where $p_H + p_T = 1$. The four possible outcomes of two tosses are HH, HT, TH, and TT, with respective probabilities:

$$P(HH) = p_H^2, 
P(HT) = p_H p_T, 
P(TH) = p_T p_H, 
P(TT) = p_T^2.$$ 

Observe that $P(HT) = P(TH)$. By assigning the outcome HT to represent a win and TH to represent a loss, we achieve fair odds regardless of the coin's bias. The probabilities of winning and losing are equal, thus simulating a fair result.

Valid Answers: Yes",green_book,2026-05-03 19:56:42.206183+00,Think about flipping the coin twice and consider the symmetry between the two possible ordered outcomes. Can you identify a pair of outcomes that have equal probability despite the coin's bias?
63,Probability of Third Dart Being Worse Than First,conditional_probability,Conditional Probability and Bayes' formula,"Jason tosses two darts at a dartboard, each aimed at the center. The second dart lands farther from the center than the first. He then throws a third dart. What is the probability that this third throw lands farther from the center than the first dart? Assume Jason’s throwing ability remains consistent throughout.","We consider all possible rankings of the three darts from best (closest to center) to worst (farthest from center). There are 6 equally likely outcomes:

Outcome         1      2      3      4      5      6
1st throw       A      B      A      C      B      C
2nd throw       B      A      C      A      C      B
3rd throw       C      C      B      B      A      A

The condition that the second dart is worse than the first eliminates outcomes 2, 4, and 6. This leaves outcomes 1, 3, and 5 as possible scenarios. Among these, the third dart is worse than the first in outcomes 1 and 3. Therefore, the probability is $\frac{2}{3}$.

Alternatively, for a more general perspective: when throwing $n+1$ darts where the first $n$ darts are ordered such that the first is the best among them, the $(n+1)$th dart has an equal chance of being the best overall. Thus, the probability that it is *not* the best (and hence worse than the first) is $1 - \frac{1}{n+1} = \frac{n}{n+1}$. For $n=2$, this yields $\frac{2}{3}$.

Valid Answers: 2/3",green_book,2026-05-03 19:56:42.206183+00,Consider all possible orderings of the three darts based on their distance from the center. How does the given condition (second dart worse than the first) reduce the number of valid orderings? Focus on the relative performance of the third dart compared to the first.
64,Optimal Position in Line for Birthday Match,conditional_probability,Conditional Probability and Bayes' formula,"At a movie theater, the manager offers a free ticket to the first person in line whose birthday matches someone who has already purchased a ticket. You can choose any position in the line. Assuming you don’t know anyone else’s birthday and birthdays are uniformly distributed across 365 days, which position in line maximizes your probability of receiving the free ticket?","Suppose you choose to be the n-th person in line. For you to win the free ticket, two conditions must hold: (1) the first n-1 people must all have distinct birthdays, and (2) your birthday must match one of those n-1 birthdays.

The probability of the first condition is the probability that n-1 people have unique birthdays, which is given by:
$$\frac{365 \times 364 \times \cdots \times (365 - n + 2)}{365^{n-1}}.$$ The probability of the second condition is the probability that your birthday matches one of the n-1 distinct birthdays, which is $\frac{n-1}{365}$.

Thus, the total probability is:
$$p(n) = \frac{365 \times 364 \times \cdots \times (365 - n + 2)}{365^{n-1}} \times \frac{n-1}{365}.$$ 

For small n, increasing n increases p(n) because the increase in $\frac{n-1}{365}$ outweighs the decrease in the product term. However, as n grows, the decrease in the product term becomes more significant, and eventually p(n) starts to decrease. We seek the value of n where p(n) transitions from increasing to decreasing, i.e., where p(n) > p(n-1) and p(n) > p(n+1).

To find this n, compare p(n) and p(n-1):
$$p(n) > p(n-1) \implies \frac{365 - (n-2)}{365} \times (n-1) > (n-2).$$

Simplifying this inequality leads to:
$$n^2 - 3n - 363 < 0,$$ which solves to n < 20.25.

Similarly, comparing p(n) and p(n+1) gives:
$$p(n) > p(n+1) \implies (n-1) > \frac{365 - (n-1)}{365} \times n,$$ which simplifies to:
$$n^2 - n - 365 > 0,$$ yielding n > 19.11.

The integer n satisfying both conditions is n = 20.

Therefore, you should choose the 20th position in line to maximize your probability of winning the free ticket.

Valid Answers: 20",green_book,2026-05-03 19:56:42.206183+00,Consider how the probability changes as you move further back in line. The key is to balance two competing factors: the increasing chance of matching a birthday and the decreasing chance that all prior birthdays are unique. Try comparing the probability of winning for adjacent positions to see where the trade-off shifts.
65,Probability of Strictly Increasing Dice Rolls,conditional_probability,Conditional Probability and Bayes' formula,Three dice are rolled sequentially. What is the probability that the outcomes appear in strictly ascending order?,"For the three dice to show strictly increasing values, all three outcomes must be distinct. Given that all three numbers are unique, only one specific ordering (the strictly increasing one) out of all possible permutations of those three numbers will satisfy the condition. Thus, the conditional probability of a strictly increasing sequence, given three distinct numbers, is $\frac{1}{3!} = \frac{1}{6}$.

The probability of all three dice showing distinct numbers is calculated as follows:
- The first die can be any number: $\frac{6}{6}$.
- The second die must differ from the first: $\frac{5}{6}$.
- The third die must differ from both the first and second: $\frac{4}{6}$.

Therefore, the overall probability is:
$$ P = \left(\frac{6}{6} \cdot \frac{5}{6} \cdot \frac{4}{6}\right) \cdot \frac{1}{6} = \frac{5}{54} $$.

Valid Answers: 5/54",green_book,2026-05-03 19:56:42.206183+00,"Consider the total number of possible outcomes when rolling three dice and how many of those outcomes have all distinct numbers. Then, think about how many of those distinct outcomes are in strictly increasing order."
66,Analyzing the Monty Hall Puzzle Strategy,conditional_probability,Conditional Probability and Bayes' formula,"You are a contestant on the game show ""Let's Make a Deal,"" hosted by Monty Hall. Three doors are presented: behind one is a car, and behind the other two are goats. You select a door at random. Monty, who knows what is behind each door, then opens one of the remaining two doors to reveal a goat. You are given the choice to either stick with your original selection or switch to the other unopened door. Which strategy maximizes your probability of winning the car, and what is that probability?","If you choose not to switch doors after Monty reveals a goat, your chance of winning the car remains the same as your initial selection: $\frac{1}{3}$. This is because your first pick had a $\frac{1}{3}$ probability of being correct, and Monty’s action of revealing a goat does not change this probability.

Now consider the switching strategy. You win the car if and only if your initial choice was a goat, which occurs with probability $\frac{2}{3}$. Here’s why: if you initially picked a goat (probability $\frac{2}{3}$), Monty is forced to reveal the only remaining goat, leaving the car as the sole option behind the remaining door. Switching in this case guarantees a win. Conversely, if you initially picked the car (probability $\frac{1}{3}$), switching leads to a goat. Thus, the probability of winning by switching is $\frac{2}{3}$.

Therefore, switching doors doubles your chances of winning the car compared to staying with your original choice.

Valid Answers: 2/3",green_book,2026-05-03 19:56:42.206183+00,Consider the probabilities of your initial choice being correct versus incorrect. How does Monty's action of revealing a goat affect the remaining unopened door? Think about the implications of switching versus staying.
67,Extinction Probability of an Amoeba Population,conditional_probability,Conditional Probability and Bayes' formula,"A single amoeba is placed in a pond. Each minute, the amoeba can either die, remain unchanged, split into two amoebas, or split into three amoebas, each with equal probability. All resulting amoebas (if any) will independently follow the same behavior. What is the probability that the amoeba population eventually dies out completely?","This problem can be solved using conditional probability. Let $P(E)$ denote the probability that the amoeba population eventually dies out. We apply the law of total probability, conditioning on the possible outcomes of the first minute.

In the first minute, the original amoeba has four equally likely (each with probability $\frac{1}{4}$) and mutually exclusive outcomes:
- Die (event $F_1$), in which case the population is extinct immediately.
- Stay the same (event $F_2$), leaving the population unchanged.
- Split into two amoebas (event $F_3$).
- Split into three amoebas (event $F_4$).

For $F_1$, $P(E \mid F_1) = 1$, since the population is extinct. For $F_2$, $P(E \mid F_2) = P(E)$, as the state remains identical to the initial condition. For $F_3$, the population dies out only if both resulting amoebas die out independently, so $P(E \mid F_3) = P(E)^2$. For $F_4$, the population dies out only if all three resulting amoebas die out independently, so $P(E \mid F_4) = P(E)^3$.

Combining these using the law of total probability:
$$P(E) = \frac{1}{4} \cdot 1 + \frac{1}{4} \cdot P(E) + \frac{1}{4} \cdot P(E)^2 + \frac{1}{4} \cdot P(E)^3.$$

Solving this equation for $0 < P(E) < 1$, we find $P(E) = \sqrt{2} - 1 \approx 0.414$. The other roots of the equation are $1$ and $-(\sqrt{2} - 1)$, which are not valid in this context.

Valid Answers: 0.414",green_book,2026-05-03 19:56:42.206183+00,Consider defining a probability variable for extinction and use the law of total probability to account for all possible outcomes in the first minute. Think about how the population's state changes based on these outcomes.
68,Probability of Remaining Blue and Green Candies After Removing All Reds,conditional_probability,Conditional Probability and Bayes' formula,"A jar contains 10 red candies, 20 blue candies, and 30 green candies. You remove candies one by one at random. What is the probability that after all the red candies have been removed, there is at least one blue candy and at least one green candy still left in the jar?","This problem can be solved elegantly using conditional probability rather than combinatorics. Let $T_r$, $T_b$, and $T_g$ represent the positions (1 to 60) of the last red, blue, and green candies removed, respectively. For at least one blue and one green candy to remain when all reds are gone, the last red candy must be removed before both the last blue and last green candies. This requires $T_r < T_b$ and $T_r < T_g$, which corresponds to two mutually exclusive scenarios: $T_r < T_b < T_g$ or $T_r < T_g < T_b$.

We calculate the probability of each scenario separately and sum them.

1. **Scenario 1: $T_r < T_b < T_g$**
   - This means the last candy overall is green ($T_g = 60$).
   - The probability that the last candy is green is the number of green candies divided by the total candies: $P(T_g = 60) = rac{30}{60} = rac{1}{2}$.
   - Given $T_g = 60$, we now consider the remaining 30 candies (10 red and 20 blue). The last candy among these must be blue for $T_b$ to be the second-to-last position overall. The probability of the last candy in this subset being blue is $P(T_b < T_r 	ext{ among red and blue}) = rac{20}{30} = rac{2}{3}$.
   - Thus, $P(T_r < T_b < T_g) = rac{30}{60} 	imes rac{20}{30} = rac{1}{2} 	imes rac{2}{3} = rac{1}{3}$.

2. **Scenario 2: $T_r < T_g < T_b$**
   - This means the last candy overall is blue ($T_b = 60$).
   - The probability that the last candy is blue is $rac{20}{60} = rac{1}{3}$.
   - Given $T_b = 60$, we now consider the remaining 40 candies (10 red and 30 green). The last candy among these must be green for $T_g$ to be the second-to-last position overall. The probability of the last candy in this subset being green is $P(T_g < T_r 	ext{ among red and green}) = rac{30}{40} = rac{3}{4}$.
   - Thus, $P(T_r < T_g < T_b) = rac{20}{60} 	imes rac{30}{40} = rac{1}{3} 	imes rac{3}{4} = rac{1}{4}$.

The total probability is the sum of the two mutually exclusive scenarios:
$$P(T_r < T_b 	ext{ and } T_r < T_g) = P(T_r < T_b < T_g) + P(T_r < T_g < T_b) = rac{1}{3} + rac{1}{4} = rac{7}{12}.$$

Valid Answers: 7/12",green_book,2026-05-03 19:56:42.206183+00,"Focus on the order in which the last candies of each color are removed, rather than the specific sequence of all candies. Think about the conditions under which the last red candy is removed before the last blue and last green candies."
69,Probability of Winning a Sequential Coin Toss Game,conditional_probability,Conditional Probability and Bayes' formula,"Two players, A and B, take turns flipping a fair coin, starting with A. The game continues with A flipping first, then B, then A again, and so on. The sequence of outcomes is recorded. The game ends the moment a head is immediately followed by a tail (HT). The player who flips the tail in this HT sequence wins the game. What is the probability that player A wins?","Let P(A) denote the probability that player A wins the game. The probability that player B wins is then P(B) = 1 - P(A). We analyze P(A) by conditioning on the outcome of A's first coin flip, which has a $\frac{1}{2}$ chance of being heads (H) and a $\frac{1}{2}$ chance of being tails (T).

Thus, we write:
$$ P(A) = \frac{1}{2} P(A \mid H) + \frac{1}{2} P(A \mid T). $$

If A's first flip is T, the game effectively resets with B now acting as the first player (since an HT sequence requires a head before a tail). Therefore, the probability that A wins in this case is equal to the probability that B wins the original game, i.e.,
$$ P(A \mid T) = P(B) = 1 - P(A). $$

If A's first flip is H, we further condition on B's first flip. B has a $\frac{1}{2}$ chance of flipping T, which would end the game with B winning (so A loses). If B flips H instead, the game resets with B now acting as the first player to flip a head, meaning A's winning probability in this subcase is $1 - P(A \mid H)$. Thus, we have:
$$ P(A \mid H) = \frac{1}{2} \cdot 0 + \frac{1}{2} \cdot (1 - P(A \mid H)). $$

Solving for $P(A \mid H)$:
$$ P(A \mid H) = \frac{1}{2} (1 - P(A \mid H)) \implies P(A \mid H) = \frac{1}{3}. $$

Substituting back into the original equation for P(A):
$$ P(A) = \frac{1}{2} \cdot \frac{1}{3} + \frac{1}{2} (1 - P(A)) \implies P(A) = \frac{1}{6} + \frac{1}{2} - \frac{1}{2} P(A). $$

Rearranging terms:
$$ P(A) + \frac{1}{2} P(A) = \frac{2}{3} \implies \frac{3}{2} P(A) = \frac{2}{3} \implies P(A) = \frac{4}{9}. $$

As a sanity check, note that $P(A) = \frac{4}{9} < \frac{1}{2}$, which makes sense because A cannot win on the first flip, and B has a $\frac{1}{4}$ chance to win on her first turn (if A flips H and B flips T).

Valid Answers: 4/9",green_book,2026-05-03 19:56:42.206183+00,"Consider breaking down the problem by analyzing the possible outcomes of the first few coin flips. Think about how the game resets or changes based on whether the first flip is heads or tails, and how this affects the winning probabilities for A and B."
70,Optimal Turn Order in Russian Roulette,conditional_probability,Conditional Probability and Bayes' formula,"A revolver with six chambers is loaded with a single bullet. The cylinder is spun so that the bullet's position is uniformly random. Two players alternate turns firing the gun at their own heads, without spinning again, until it discharges. The player who fires the fatal shot loses. As one of the players, you may choose to go first or second. Which option minimizes your chance of losing, and what is that probability?","A common misconception is that the first player faces a higher risk because they have a $\frac{1}{6}$ chance of losing immediately. However, once the cylinder is spun, the bullet’s position is fixed. If you go first, you lose only if the bullet is in chamber 1, 3, or 5. Since there are three losing positions out of six equally likely chambers, your probability of losing is $\frac{3}{6} = \frac{1}{2}$. The second player’s probability of losing is also $\frac{1}{2}$, as they lose if the bullet is in chamber 2, 4, or 6. Thus, neither choice offers an advantage—the loss probability remains the same.

Now consider a modified rule: the cylinder is spun again after every trigger pull. In this scenario, each pull is an independent trial with a $\frac{1}{6}$ chance of firing the bullet. If you go first, your probability of losing is the sum of the probabilities of losing on the first, third, fifth, etc., pulls. This forms an infinite geometric series:

$$\sum_{k=0}^{\infty} \left(\frac{5}{6}\right)^{2k} \cdot \frac{1}{6} = \frac{1}{6} \cdot \frac{1}{1 - \left(\frac{5}{6}\right)^2} = \frac{1}{6} \cdot \frac{36}{11} = \frac{6}{11}.$$ 

If you go second, your probability of losing is the sum of the probabilities of losing on the second, fourth, sixth, etc., pulls:

$$\sum_{k=1}^{\infty} \left(\frac{5}{6}\right)^{2k-1} \cdot \frac{1}{6} = \frac{5}{6} \cdot \frac{1}{6} \cdot \frac{1}{1 - \left(\frac{5}{6}\right)^2} = \frac{5}{36} \cdot \frac{36}{11} = \frac{5}{11}.$$ 

Since $\frac{5}{11} < \frac{6}{11}$, choosing to go second reduces your probability of losing to $\frac{5}{11}$.

Valid Answers: First player: $\frac{1}{2}$ (no spinning); Second player: $\frac{5}{11}$ (spinning after each pull)",green_book,2026-05-03 19:56:42.206183+00,"Consider whether the cylinder is spun again after each trigger pull. If not, the bullet's position is fixed, and the losing chambers are determined by the turn order. If spun again, each trigger pull is an independent event with a fixed probability of firing the bullet."
71,Probability of Reaching Target Fortune in Gambler's Ruin,conditional_probability,Conditional Probability and Bayes' formula,"A gambler begins with i dollars. In each subsequent game, they either gain $1 with probability p (where 0 < p < 1) or lose $1 with probability q = 1 - p. The gambler continues playing until their total fortune reaches either $0 or $N. What is the probability that the gambler’s fortune grows to $N before dropping to $0?","This is a standard problem in probability theory known as the Gambler's Ruin Problem, frequently encountered in quantitative interviews.

Let P_i denote the probability that the gambler’s fortune reaches N dollars starting from i dollars, where 0 ≤ i ≤ N. From any state i, the next state is either i + 1 with probability p or i - 1 with probability q. This leads to the recurrence relation:

P_i = p P_{i+1} + q P_{i-1}.

Rearranging, we get:

P_{i+1} - P_i = (q/p)(P_i - P_{i-1}).

By iterating this relation, we find:

P_{i+1} - P_i = (q/p)^i (P_1 - P_0).

Given the boundary conditions P_0 = 0 and P_N = 1, we sum the telescoping series from i = 0 to N - 1:

1 = P_N - P_0 = (P_1 - P_0) [1 + (q/p) + (q/p)^2 + ... + (q/p)^{N-1}].

This is a geometric series with ratio r = q/p. If r ≠ 1, its sum is (1 - r^N)/(1 - r). Thus:

P_1 = 1 / [1 + (q/p) + (q/p)^2 + ... + (q/p)^{N-1}] = (1 - q/p) / (1 - (q/p)^N).

For i > 1, we use the recurrence P_i = P_1 + (q/p)(P_1) + ... + (q/p)^{i-1} P_1 to obtain:

P_i = [1 - (q/p)^i] / [1 - (q/p)^N], if q/p ≠ 1.

If q/p = 1 (i.e., p = 1/2), the geometric series simplifies, and we get:

P_i = i / N.

Valid Answers: P_i = { (1 - (q/p)^i) / (1 - (q/p)^N) if p ≠ 1/2; i/N if p = 1/2 }",green_book,2026-05-03 19:56:42.206183+00,"Consider modeling the problem recursively by defining the probability of reaching the target fortune from any intermediate state. Think about how the probability changes when the gambler wins or loses a single dollar, and how boundary conditions (fortune = 0 or N) can help solve the recurrence."
72,Probability of scoring exactly 50 baskets after 100 free throws,conditional_probability,Conditional Probability and Bayes' formula,"A basketball player attempts 100 free throws. Each successful shot scores one point, while a miss scores zero. The player made the first shot and missed the second. For every subsequent throw, the probability of scoring is equal to the ratio of successful shots so far to the total throws completed. For instance, if she has made 23 shots after 40 attempts, the chance of scoring the 41st attempt is 23/40. What is the probability that she has made exactly 50 successful shots after all 100 attempts?","Define the event $(n,k)$ as the player having scored exactly $k$ baskets after $n$ throws. Let $P_{n,k} = P((n,k))$. We proceed by induction starting from $n=3$. For the third throw, the probability of scoring is $\frac{1}{2}$ since one basket was made in two attempts. Thus, $P_{3,1} = \frac{1}{2}$ and $P_{3,2} = \frac{1}{2}$.

For $n=4$, we apply the law of total probability. The probability of having exactly one basket after four throws is:
$$P_{4,1} = P((4,1) \mid (3,1)) \cdot P_{3,1} + P((4,1) \mid (3,2)) \cdot P_{3,2} = \frac{1}{3} \cdot \frac{1}{2} + 0 \cdot \frac{1}{2} = \frac{1}{6}.$$ 

Similarly, for exactly two baskets:
$$P_{4,2} = P((4,2) \mid (3,1)) \cdot P_{3,1} + P((4,2) \mid (3,2)) \cdot P_{3,2} = \frac{2}{3} \cdot \frac{1}{2} + \frac{1}{3} \cdot \frac{1}{2} = \frac{1}{2}.$$ 

For exactly three baskets:
$$P_{4,3} = P((4,3) \mid (3,1)) \cdot P_{3,1} + P((4,3) \mid (3,2)) \cdot P_{3,2} = 0 \cdot \frac{1}{2} + \frac{2}{3} \cdot \frac{1}{2} = \frac{1}{3}.$$ 

The results suggest the pattern $P_{n,k} = \frac{1}{n-1}$ for $k = 1, 2, \dots, n-1$.

Induction step: Assume $P_{n,k} = \frac{1}{n-1}$ holds for all $k = 1, 2, \dots, n-1$. We prove it for $n+1$. Using the law of total probability:
$$P_{n+1,k} = P(\text{miss} \mid (n,k)) \cdot P_{n,k} + P(\text{score} \mid (n,k-1)) \cdot P_{n,k-1} = \left(1 - \frac{k}{n}\right) \cdot \frac{1}{n-1} + \frac{k-1}{n} \cdot \frac{1}{n-1} = \frac{1}{n}.$$ 

This holds for $k = 1, 2, \dots, n$. Thus, $P_{n,k} = \frac{1}{n-1}$ for all valid $k$.

Therefore, the probability of having exactly 50 baskets after 100 throws is:
$$P_{100,50} = \frac{1}{99}.$$

Valid Answers: 1/99",green_book,2026-05-03 19:56:42.206183+00,"Consider modeling the problem recursively by tracking the probability of having exactly k baskets after n throws. Think about how the probability of the next shot depends on the current state, and whether a pattern emerges as n increases."
73,Probability of Car Observation in 5-Minute Intervals,conditional_probability,Conditional Probability and Bayes' formula,"The likelihood of spotting at least one car on a highway within any given 20-minute window is $\frac{609}{625}$. Assuming the probability of observing a car remains constant throughout the entire 20-minute period, what is the probability of seeing at least one car in any 5-minute interval?","Divide the 20-minute period into four distinct 5-minute segments. Let $p$ represent the constant probability of observing at least one car in any 5-minute interval. The probability of *not* observing any cars in a single 5-minute interval is therefore $1 - p$.

Since the intervals are independent, the probability of not observing any cars in all four intervals is $(1 - p)^4$. We are given that the probability of observing at least one car in 20 minutes is $\frac{609}{625}$, so the probability of observing *no* cars in 20 minutes is $1 - \frac{609}{625} = \frac{16}{625}$. Thus:

$$(1 - p)^4 = \frac{16}{625}.$$ Taking the fourth root of both sides yields:

$$1 - p = \left(\frac{16}{625}\right)^{1/4} = \frac{2}{5},$$ since $\frac{2^4}{5^4} = \frac{16}{625}$.

Solving for $p$ gives:

$$p = 1 - \frac{2}{5} = \frac{3}{5}.$$

Valid Answers: $\frac{3}{5}$",green_book,2026-05-03 19:56:42.206183+00,"Consider breaking down the 20-minute period into smaller, equal segments and think about the probability of not observing a car in each segment. How can independence between these segments help you relate the given probability to the unknown probability for a 5-minute interval?"
74,Probability of forming a triangle from two random cuts on a stick,distributions,Discrete and Continuous Distributions,A stick is cut at two uniformly random points. What is the probability that the three resulting segments can form a triangle?,"Assume the stick has a length of 1. Let the first cut be at position $x$ and the second at position $y$, where both $x$ and $y$ are uniformly distributed over $[0, 1]$.

Case 1: If $x < y$, the three segments have lengths $x$, $y - x$, and $1 - y$. For these to form a triangle, they must satisfy the triangle inequalities:
$$x + (y - x) > 1 - y \implies y > \frac{1}{2},$$
$$x + (1 - y) > y - x \implies y < \frac{1}{2} + x,$$
$$(y - x) + (1 - y) > x \implies x < \frac{1}{2}.$$

The feasible region for this case is the left gray triangle in the unit square, bounded by $y > \frac{1}{2}$, $y < \frac{1}{2} + x$, and $x < \frac{1}{2}$.

Case 2: If $x > y$, the three segments have lengths $y$, $x - y$, and $1 - x$. By symmetry, the feasible region is the right gray triangle, mirroring the first case.

The total area where the segments can form a triangle is the sum of the two gray triangles, which is $\frac{1}{4}$ of the unit square. Thus, the probability is $\frac{1}{4}$.

Valid Answers: 0.25",green_book,2026-05-03 19:56:42.206183+00,Visualize the problem by plotting the two cut positions on a unit square. Focus on the triangle inequalities and how they constrain the possible positions of the cuts. Symmetry between the two cases (x < y and x > y) can simplify the calculation.
75,Expected Waiting Time in a Poisson Process,distributions,Discrete and Continuous Distributions,"Buses arrive at a station following a Poisson process with an average interval of 10 minutes (λ = 0.1 per minute). Assuming the buses have been running for a long time and you arrive at a random moment, what is your expected waiting time for the next bus? Additionally, on average, how long ago did the previous bus depart?","The Poisson process models events occurring continuously and independently at a constant average rate. Here, bus arrivals follow an exponential distribution with rate λ = 0.1 per minute, where the time between arrivals is given by the probability density function:

$$ f(t) = \lambda e^{-\lambda t}, 	 t \geq 0 $$.

The expected value (mean) of an exponential distribution is $E[T] = \frac{1}{\lambda} = 10$ minutes, and its variance is $Var(T) = \frac{1}{\lambda^2}$. A key property of the exponential distribution is memorylessness, which states:

$$ P(T > s + t \mid T > s) = P(T > t). $$

This means the remaining waiting time distribution does not depend on how long you have already waited. Thus, your expected waiting time for the next bus is $E[T] = 10$ minutes.

Due to the memoryless property, the time since the last bus arrived also follows the same exponential distribution. Therefore, on average, the previous bus departed 10 minutes before your arrival.

This result may seem counterintuitive because one might expect the average time since the last bus and until the next bus to sum to 20 minutes. However, the reason is that longer intervals between bus arrivals are more likely to contain your random arrival time. For a general distribution with mean $E[X]$, the expected residual life (time until the next event) is given by $\frac{E[X^2]}{2E[X]}$. For the exponential distribution, this simplifies to $E[X]$, confirming the 10-minute result.

Valid Answers: 10, 10",green_book,2026-05-03 19:56:42.206183+00,"Recall that in a Poisson process, the time between events follows an exponential distribution. Think about the memoryless property of this distribution—how does it affect the expected waiting time regardless of when you arrive? Also, consider the symmetry in the problem between the time since the last bus and the time until the next bus."
76,Calculating Moments for a Standard Normal Variable,distributions,Discrete and Continuous Distributions,"Given that $X$ follows a standard normal distribution ($X \sim N(0, 1)$), compute the expected values $E[X^n]$ for $n = 1, 2, 3,$ and $4$.","The moments of a standard normal distribution correspond to its mean, variance, skewness, and kurtosis. By standard results, these are known to be $0$, $1$, $0$, and $3$, respectively, for $n = 1, 2, 3,$ and $4$.

The probability density function (pdf) of the standard normal distribution is given by:
$$f(x) = \frac{1}{\sqrt{2\pi}} e^{-x^2/2}.$$ 

For odd $n$, symmetry about zero implies $E[X^n] = \int_{-\infty}^{\infty} x^n f(x) \, dx = 0$, since the integrand is an odd function.

For $n = 2$, we compute $E[X^2]$ using integration by parts. Alternatively, the moment generating function (MGF) approach provides a systematic method. The MGF of $X$ is defined as:
$$M(t) = E[e^{tX}] = \int_{-\infty}^{\infty} e^{tx} f(x) \, dx.$$ 

A key property of the MGF is that its $n$-th derivative evaluated at $t = 0$ yields the $n$-th moment:
$$M^{(n)}(0) = E[X^n].$$ 

For the standard normal distribution, the MGF is:
$$M(t) = e^{t^2/2}.$$ 

Differentiating this MGF:
- First derivative: $M'(t) = t e^{t^2/2}$, so $M'(0) = 0 = E[X]$.
- Second derivative: $M''(t) = e^{t^2/2} + t^2 e^{t^2/2}$, so $M''(0) = 1 = E[X^2]$.
- Third derivative: $M'''(t) = t e^{t^2/2} + 2t e^{t^2/2} + t^3 e^{t^2/2}$, so $M'''(0) = 0 = E[X^3]$.
- Fourth derivative: $M^{(4)}(t) = e^{t^2/2} + 3t^2 e^{t^2/2} + t^4 e^{t^2/2}$, so $M^{(4)}(0) = 3 = E[X^4]$.

Thus, the moments are:
$$E[X] = 0, 
E[X^2] = 1, 
E[X^3] = 0, 
E[X^4] = 3.$$ 

Valid Answers: 0, 1, 0, 3",green_book,2026-05-03 19:56:42.206183+00,"Consider the symmetry of the standard normal distribution around zero for odd moments. For even moments, think about using the moment generating function (MGF) or integration techniques to simplify the calculation."
77,Calculating the Expected Number of Loops from Random Noodle Connections,expected_value,"Expected Value, Variance & Covariance",A bowl contains 100 noodles. You are blindfolded and repeatedly select two free ends of noodles uniformly at random to connect them. This process continues until no free ends remain. The number of loops formed in this manner is a random variable. What is the expected number of loops created?,"Start with the simplest case of n = 1 noodle. There is only one possible action: connect the two ends of the single noodle. This forms exactly one loop, so E[L(1)] = 1.

For n = 2 noodles, there are 4 free ends in total. The number of ways to choose any two ends is given by the combination formula C(4, 2) = 6. Among these 6 choices:
- 2 choices connect both ends of the same noodle, producing 1 loop and leaving 1 noodle untouched.
- The remaining 4 choices connect ends from different noodles, resulting in no loops and leaving 2 noodles.

The expected number of loops is therefore:
E[L(2)] = (2/6) * (1 + E[L(1)]) + (4/6) * E[L(1)]
         = (1/3) * (1 + 1) + (2/3) * 1
         = 2/3 + 2/3
         = 4/3.

For n = 3 noodles, there are 6 free ends, yielding C(6, 2) = 15 possible choices. Among these:
- 3 choices connect both ends of the same noodle, producing 1 loop and leaving 2 noodles.
- The remaining 12 choices connect ends from different noodles, leaving all 3 noodles intact.

The expected number of loops is:
E[L(3)] = (3/15) * (1 + E[L(2)]) + (12/15) * E[L(2)]
         = (1/5) * (1 + 4/3) + (4/5) * (4/3)
         = 7/15 + 16/15
         = 23/15.

A pattern emerges: for any n noodles, the expected number of loops follows the recurrence relation:
E[L(n)] = 1 + (1/3) + (1/5) + ... + (1/(2n - 1)).

This can be proven by induction. Assume it holds for n - 1 noodles. When adding the nth noodle, there are 2n free ends, so C(2n, 2) = n(2n - 1) possible choices. The probability of forming a loop by connecting both ends of the nth noodle is:
P(loop) = n / [n(2n - 1)] = 1 / (2n - 1).

If a loop is formed, the expected number of loops is 1 + E[L(n - 1)]. If no loop is formed, the expected number remains E[L(n - 1)]. Thus:
E[L(n)] = [1 / (2n - 1)] * (1 + E[L(n - 1)]) + [1 - 1 / (2n - 1)] * E[L(n - 1)]
         = 1 / (2n - 1) + E[L(n - 1)].

By induction, the formula holds for all n ≥ 1. Substituting n = 100 gives the expected number of loops.

Valid Answers: 2.937485...",green_book,2026-05-03 19:56:42.206183+00,"Consider starting with small cases (e.g., 1 or 2 noodles) to identify a pattern or recurrence relation. Focus on the probability of forming a loop when connecting two ends and how it affects the remaining noodles."
78,Determining the hedge ratio to minimize portfolio variance,expected_value,"Expected Value, Variance & Covariance","You purchase one share of stock A and wish to hedge it by taking a short position in stock B. How many shares of stock B should you short to minimize the variance of the resulting hedged portfolio? Assume the return variance of stock A is σ_A², the return variance of stock B is σ_B², and their correlation coefficient is ρ.","Let h represent the number of shares of stock B to short. The variance of the hedged portfolio return is given by:

$$\text{Var}(r_A - h r_B) = \sigma_A^2 - 2 h \rho \sigma_A \sigma_B + h^2 \sigma_B^2.$$ 

To find the value of h that minimizes this variance, take the first-order partial derivative with respect to h and set it equal to zero:

$$\frac{\partial}{\partial h} \text{Var}(r_A - h r_B) = -2 \rho \sigma_A \sigma_B + 2 h \sigma_B^2 = 0.$$ 

Solving for h yields:

$$h = \rho \frac{\sigma_A}{\sigma_B}.$$ 

To confirm this is a minimum, examine the second-order partial derivative:

$$\frac{\partial^2}{\partial h^2} \text{Var}(r_A - h r_B) = 2 \sigma_B^2 > 0,$$ 

which is positive, confirming that the variance is minimized when h equals ρ times the ratio of σ_A to σ_B.

Dice game
Suppose that you roll a fair six-sided die. For each roll, you receive payment equal to the face value shown. If the outcome is 4, 5, or 6, you may roll the die again. The game ends when you roll a 1, 2, or 3. What is the expected payoff of this game?",green_book,2026-05-03 19:56:42.206183+00,Consider breaking down the problem by analyzing the expected payoff for each possible outcome of a single roll. Think about how the game's rules affect the continuation or termination of the game based on the roll's result.
79,Expected payoff in a dice rolling game with re-rolls,expected_value,"Expected Value, Variance & Covariance","You participate in a dice game where you roll a standard six-sided die. If the outcome is 4, 5, or 6, you may roll again. The game ends when you roll a 1, 2, or 3. Your payout equals the final face value rolled. Calculate the expected payout of this game.","Let $E[X]$ denote the expected payout of the game. The outcome of the first roll determines the expected value in two distinct ways:

- With probability $rac{1}{2}$, the first roll results in 1, 2, or 3. In this case, the game ends immediately, and the expected payout is the average of these outcomes: $rac{1 + 2 + 3}{3} = 2$.
- With probability $rac{1}{2}$, the first roll results in 4, 5, or 6. Here, the game continues, and you receive the expected face value of the first roll (which is $rac{4 + 5 + 6}{3} = 5$) plus the expected payout from restarting the game, which is $E[X]$ again.

Using the law of total expectation, we write:
$$ E[X] = rac{1}{2} 	imes 2 + rac{1}{2} 	imes (5 + E[X]). $$

Solving for $E[X]$:
$$ E[X] = 1 + rac{5}{2} + rac{1}{2}E[X], $$
$$ E[X] - rac{1}{2}E[X] = 3.5, $$
$$ rac{1}{2}E[X] = 3.5, $$
$$ E[X] = 7.

Valid Answers: 7",green_book,2026-05-03 19:56:42.206183+00,Consider breaking down the problem by analyzing the two distinct outcomes of the first roll separately: when the game ends immediately and when it continues. Think about how the expected value is influenced by these scenarios and how they contribute to the overall expectation.
80,Expected Draws to First Ace in a Standard Deck,expected_value,"Expected Value, Variance & Covariance",How many cards must be drawn on average from a shuffled 52-card deck before the first ace appears?,"A standard deck contains 4 aces and 48 non-ace cards. For each non-ace card i (where i ranges from 1 to 48), define an indicator random variable Xi as follows:

$$X_i = \begin{cases} 1 & \text{if card } i \text{ appears before all 4 aces} \\ 0 & \text{otherwise} \end{cases}$$ 

The total number of cards drawn until the first ace is X = 1 + Σ_{i=1}^{48} Xi, since the first card drawn could itself be an ace (in which case no additional cards are needed before the first ace). By linearity of expectation, E[X] = 1 + Σ_{i=1}^{48} E[Xi]. 

Each non-ace card is equally likely to appear in any of the 5 regions defined by the 4 aces (before the first ace, between the first and second, ..., after the fourth ace). Thus, the probability that a given non-ace card appears before all 4 aces is 1/5, so E[Xi] = 1/5 for all i. 

Therefore, E[X] = 1 + 48 * (1/5) = 1 + 9.6 = 10.6.

This result generalizes to a deck with m non-special cards and n special cards: the expected position of the first special card is 1 + m/(n+1).

Valid Answers: 10.6",green_book,2026-05-03 19:56:42.206183+00,"Consider breaking the problem into two parts: the first ace itself and the non-ace cards that might appear before it. Think about the relative positions of aces and non-aces in the deck, and how symmetry or probability distributions might simplify the calculation."
81,Probability that the sum of IID uniform random variables is less than 1,expected_value,"Expected Value, Variance & Covariance","Let $X_1, X_2, \ldots, X_n$ be independent and identically distributed (IID) random variables, each uniformly distributed on the interval $[0, 1]$. Compute the probability that their sum $S_n = X_1 + X_2 + \cdots + X_n$ is strictly less than 1.","This problem requires a careful inductive approach. We begin by examining the simplest cases to identify a pattern.

For $n = 1$, the sum $S_1 = X_1$ is always less than 1, so $P(S_1 < 1) = 1$.

For $n = 2$, the event $S_2 = X_1 + X_2 < 1$ corresponds to the area under the line $X_1 + X_2 = 1$ within the unit square $[0, 1]^2$. This region forms a right triangle with area $rac{1}{2}$, so $P(S_2 < 1) = rac{1}{2}$.

For $n = 3$, the event $S_3 = X_1 + X_2 + X_3 < 1$ corresponds to the volume under the plane $X_1 + X_2 + X_3 = 1$ within the unit cube $[0, 1]^3$. This region is a tetrahedron with volume $rac{1}{6}$, so $P(S_3 < 1) = rac{1}{6}$.

Based on these observations, we conjecture that $P(S_n < 1) = rac{1}{n!}$ for general $n$. To prove this, we proceed by mathematical induction.

Assume the formula holds for some $n \geq 1$, i.e., $P(S_n < 1) = rac{1}{n!}$. We now show it holds for $n + 1$.

Using the law of total probability and conditioning on $X_{n+1}$, we write:

$$
P(S_{n+1} < 1) = \int_0^1 P(S_n < 1 - x_{n+1}) f_{X_{n+1}}(x_{n+1}) \, dx_{n+1},
$$

where $f_{X_{n+1}}(x) = 1$ for $x \in [0, 1]$ since $X_{n+1}$ is uniform on $[0, 1]$. By the induction hypothesis, $P(S_n < 1 - x_{n+1}) = \frac{(1 - x_{n+1})^n}{n!}$ because the problem scales with the upper limit.

Substituting this in:

$$
P(S_{n+1} < 1) = \int_0^1 \frac{(1 - x_{n+1})^n}{n!} \, dx_{n+1} = \frac{1}{n!} \int_0^1 (1 - x)^{n} \, dx = \frac{1}{n!} \left[-\frac{(1 - x)^{n+1}}{n+1}\right]_0^1 = \frac{1}{n!} \cdot \frac{1}{n+1} = \frac{1}{(n+1)!}.
$$

Thus, the formula holds for $n + 1$, completing the induction. Therefore, for all $n \geq 1$,

$$
P(S_n < 1) = \frac{1}{n!}.
$$

Valid Answers: $\frac{1}{n!}$",green_book,2026-05-03 19:56:42.206183+00,"Consider how the problem scales with the number of variables. Start by examining small cases (n=1, n=2, n=3) to identify a pattern in the probability. Think about geometric interpretations in lower dimensions to build intuition."
82,Expected Coupons for Complete Collection and Distinct Types in Partial Collection,expected_value,"Expected Value, Variance & Covariance","A. Consider a scenario where cereal boxes contain N distinct types of coupons, each equally likely to appear in any box. What is the average number of boxes a child must purchase to collect at least one of each coupon type?

B. Now suppose the child has already collected n coupons. What is the expected number of unique coupon types in this collection?","For part A, define Xᵢ (where i = 1, 2, ..., N) as the number of additional coupons needed to obtain the i-th distinct type after (i-1) distinct types have already been collected. The total number of coupons required is X = X₁ + X₂ + ... + Xₙ.

For any given i, the probability that a new coupon is of a type not yet collected is (N - (i - 1))/N = (N - i + 1)/N. Thus, Xᵢ follows a geometric distribution with success probability p = (N - i + 1)/N, and its expected value is E[Xᵢ] = N/(N - i + 1). For example, when i = 1, X₁ = 1 and E[X₁] = 1.

The total expected number of coupons is:

E[X] = Σᵢ₌₁ᴺ E[Xᵢ] = Σᵢ₌₁ᴺ N/(N - i + 1) = N(1 + 1/2 + 1/3 + ... + 1/N).

For part B, let Y denote the number of distinct coupon types in a collection of n coupons. Introduce indicator random variables Iᵢ (i = 1, 2, ..., N), where Iᵢ = 1 if at least one coupon of type i is present, and Iᵢ = 0 otherwise. Then, Y = I₁ + I₂ + ... + Iₙ.

The probability that none of the n coupons is of type i is ((N - 1)/N)ⁿ, so the probability that at least one coupon is of type i is 1 - ((N - 1)/N)ⁿ. Thus, E[Iᵢ] = 1 - ((N - 1)/N)ⁿ.

The expected number of distinct types is:

E[Y] = Σᵢ₌₁ᴺ E[Iᵢ] = N(1 - ((N - 1)/N)ⁿ).

Valid Answers: 
A. N(1 + 1/2 + 1/3 + ... + 1/N)
B. N(1 - ((N - 1)/N)ⁿ)",green_book,2026-05-03 19:56:42.206183+00,"For part A, think about breaking the problem into stages where each stage represents collecting a new distinct coupon type. For part B, consider using indicator variables to represent whether each coupon type is present in the collection."
83,Range of joint default probability and correlation bounds,expected_value,"Expected Value, Variance & Covariance","Bond A has a 50% chance of defaulting next year, and bond B has a 30% chance. Determine the possible range of the probability that at least one bond defaults, and also find the corresponding range of their correlation coefficient.","To find the range of the probability that at least one bond defaults, consider the extreme scenarios for dependence between the two default events. The maximum probability occurs when the defaults are mutually exclusive (i.e., no overlap), so the probability is simply the sum of individual probabilities: 50% + 30% = 80%. The minimum probability occurs when the defaults are perfectly dependent (i.e., whenever one defaults, the other does too), so the probability is the larger of the two individual probabilities: 50%. Thus, the range of the probability that at least one bond defaults is [50%, 80%].

Next, let $I_A$ and $I_B$ denote the indicator variables for the default of bond A and bond B, respectively. The correlation $\rho_{AB}$ between $I_A$ and $I_B$ is given by:

$$\rho_{AB} = \frac{\text{Cov}(I_A, I_B)}{\sqrt{\text{Var}(I_A) \text{Var}(I_B)}} = \frac{E[I_A I_B] - E[I_A]E[I_B]}{\sqrt{\text{Var}(I_A) \text{Var}(I_B)}}.$$ 

We know $E[I_A] = 0.5$, $E[I_B] = 0.3$, $\text{Var}(I_A) = 0.5 \cdot (1 - 0.5) = 0.25$, and $\text{Var}(I_B) = 0.3 \cdot (1 - 0.3) = 0.21$. The probability that at least one bond defaults is:

$$P(I_A \cup I_B) = P(I_A) + P(I_B) - P(I_A \cap I_B) = E[I_A] + E[I_B] - E[I_A I_B].$$ 

Substituting the known values:

$$P(I_A \cup I_B) = 0.5 + 0.3 - E[I_A I_B] = 0.8 - E[I_A I_B].$$ 

For the maximum probability (80%), $E[I_A I_B] = 0$, so:

$$0.8 = 0.8 - 0 \implies \rho_{AB} = \frac{0 - (0.5 \cdot 0.3)}{\sqrt{0.25 \cdot 0.21}} = \frac{-0.15}{\sqrt{0.0525}} = -\frac{0.15}{\sqrt{0.0525}} = -\sqrt{\frac{0.0225}{0.0525}} = -\sqrt{\frac{3}{7}}.$$ 

For the minimum probability (50%), $E[I_A I_B] = 0.3$ (since $I_B$ implies $I_A$ in this case), so:

$$0.5 = 0.8 - 0.3 \implies \rho_{AB} = \frac{0.3 - (0.5 \cdot 0.3)}{\sqrt{0.25 \cdot 0.21}} = \frac{0.15}{\sqrt{0.0525}} = \sqrt{\frac{3}{7}}.$$ 

Thus, the correlation coefficient $\rho_{AB}$ must lie within the range $\left[-\sqrt{\frac{3}{7}}, \sqrt{\frac{3}{7}}\right]$ to be consistent with the given default probabilities and the derived probability bounds.

Valid Answers: [50%, 80%], $\left[-\sqrt{\frac{3}{7}}, \sqrt{\frac{3}{7}}\right]$",green_book,2026-05-03 19:56:42.206183+00,Consider the extreme cases of dependence between the two default events. How does the joint default probability change when defaults are completely independent versus perfectly dependent? Think about how correlation is derived from covariance and variances of the default indicators.
84,Distributions and Expectations for Max and Min of Uniform Variables,expected_value,"Expected Value, Variance & Covariance","Consider n independent and identically distributed random variables X₁, X₂, ..., Xₙ, each uniformly distributed on the interval [0, 1]. Let Zₙ denote the maximum of these variables, and Yₙ denote the minimum. Determine the cumulative distribution function (CDF), probability density function (PDF), and expected value of Zₙ. Similarly, find the CDF, PDF, and expected value of Yₙ.","For a uniform random variable X on [0, 1], the CDF is Fₓ(x) = x and the PDF is fₓ(x) = 1.

For Zₙ = max(X₁, X₂, ..., Xₙ):
- The CDF of Zₙ is derived as P(Zₙ ≤ x) = P(all Xᵢ ≤ x) = (P(X ≤ x))ⁿ = xⁿ. Thus, F_{Zₙ}(x) = xⁿ.
- The PDF is the derivative of the CDF: f_{Zₙ}(x) = d/dx [xⁿ] = n x^{n-1}.
- The expected value is E[Zₙ] = ∫₀¹ x f_{Zₙ}(x) dx = ∫₀¹ x · n x^{n-1} dx = n ∫₀¹ xⁿ dx = n [x^{n+1}/(n+1)]₀¹ = n/(n+1).

For Yₙ = min(X₁, X₂, ..., Xₙ):
- The CDF of Yₙ is P(Yₙ ≤ x) = 1 - P(all Xᵢ > x) = 1 - (1 - x)ⁿ. Thus, F_{Yₙ}(x) = 1 - (1 - x)ⁿ.
- The PDF is the derivative of the CDF: f_{Yₙ}(x) = d/dx [1 - (1 - x)ⁿ] = n (1 - x)^{n-1}.
- The expected value is E[Yₙ] = ∫₀¹ x f_{Yₙ}(x) dx = ∫₀¹ x · n (1 - x)^{n-1} dx. Using substitution u = 1 - x, this becomes n ∫₀¹ (1 - u) u^{n-1} du = n [uⁿ/(n) - u^{n+1}/(n+1)]₀¹ = n [1/n - 1/(n+1)] = 1 - n/(n+1) = 1/(n+1).

Valid Answers: Zₙ: CDF = xⁿ, PDF = n x^{n-1}, E[Zₙ] = n/(n+1); Yₙ: CDF = 1 - (1 - x)ⁿ, PDF = n (1 - x)^{n-1}, E[Yₙ] = 1/(n+1)",green_book,2026-05-03 19:56:42.206183+00,"For the maximum Zₙ, think about the probability that all variables are less than or equal to a given value x. For the minimum Yₙ, consider the complementary probability that at least one variable is less than or equal to x. The CDF of the uniform distribution is key here—use it to build the CDFs for Zₙ and Yₙ."
85,Joint Probability and Correlation of Min and Max of Uniform Variables,expected_value,"Expected Value, Variance & Covariance","Let $X_1$ and $X_2$ be independent and identically distributed random variables uniformly distributed on the interval $[0,1]$. Define $Y = \min(X_1, X_2)$ and $Z = \max(X_1, X_2)$. For any $y, z \in [0,1]$, determine the conditional probability $P(Y \geq y \mid Z \leq z)$ and compute the correlation between $Y$ and $Z$.","We analyze the problem using geometric probability. Consider the unit square representing all possible pairs $(X_1, X_2)$. The event $Z \leq z$ corresponds to the region where both $X_1 \leq z$ and $X_2 \leq z$, which is a square of side length $z$ with area $z^2$. Since $Y = \min(X_1, X_2)$ and $Z = \max(X_1, X_2)$, it follows that $Y \leq Z$ always holds. Therefore, if $y > z$, the event $Y \geq y$ and $Z \leq z$ is impossible, so $P(Y \geq y \mid Z \leq z) = 0$.

For $y \leq z$, the event $Y \geq y$ and $Z \leq z$ corresponds to the region where both $X_1$ and $X_2$ lie in $[y, z]$. This is a smaller square with side length $z - y$ and area $(z - y)^2$. Hence, the conditional probability is

$$
P(Y \geq y \mid Z \leq z) = \frac{P(Y \geq y \, \cap \, Z \leq z)}{P(Z \leq z)} = \frac{(z - y)^2}{z^2}, \quad \text{for } 0 \leq y \leq z \leq 1.
$$

Now we compute the correlation between $Y$ and $Z$. The correlation is given by

$$
\text{corr}(Y, Z) = \frac{\text{cov}(Y, Z)}{\sqrt{\text{var}(Y) \, \text{var}(Z)}} = \frac{E[YZ] - E[Y]E[Z]}{\sqrt{\text{var}(Y) \, \text{var}(Z)}}.
$$

From prior results, we know

$$
E[Y] = \frac{1}{3}, \quad E[Z] = \frac{2}{3}.
$$

To find $E[YZ]$, note that $YZ = X_1 X_2$ regardless of which variable is the minimum or maximum. Thus,

$$
E[YZ] = E[X_1 X_2] = E[X_1] E[X_2] = \frac{1}{2} \cdot \frac{1}{2} = \frac{1}{4}.
$$

Next, we compute the variances. Using the probability density functions $f_Y(y) = 2(1-y)$ and $f_Z(z) = 2z$ for $y, z \in [0,1]$, we find

$$
E[Y^2] = \int_0^1 y^2 \cdot 2(1-y) \, dy = \frac{1}{6}, \quad E[Z^2] = \int_0^1 z^2 \cdot 2z \, dz = \frac{1}{2}.
$$

Then,

$$
\text{var}(Y) = E[Y^2] - (E[Y])^2 = \frac{1}{6} - \left(\frac{1}{3}\right)^2 = \frac{1}{18}, \quad \text{var}(Z) = E[Z^2] - (E[Z])^2 = \frac{1}{2} - \left(\frac{2}{3}\right)^2 = \frac{1}{18}.
$$

Now, the covariance is

$$
\text{cov}(Y, Z) = E[YZ] - E[Y]E[Z] = \frac{1}{4} - \frac{1}{3} \cdot \frac{2}{3} = \frac{1}{36}.
$$

Finally, the correlation is

$$
\text{corr}(Y, Z) = \frac{\frac{1}{36}}{\sqrt{\frac{1}{18} \cdot \frac{1}{18}}} = \frac{1}{2}.
$$

Valid Answers: $\frac{1}{2}$",green_book,2026-05-03 19:56:42.206183+00,Consider visualizing the problem geometrically in the unit square where X1 and X2 are independent uniform variables. Think about how the events Y ≥ y and Z ≤ z constrain the possible values of X1 and X2. What region of the square satisfies both conditions?
86,Ants on a String: Expected Fall Time,expected_value,"Expected Value, Variance & Covariance","Five hundred ants are placed randomly along a one-foot string, with each ant's position uniformly and independently distributed between 0 and 1. Each ant independently chooses to move left or right with equal probability at a constant speed of 1 foot per minute. Upon reaching either end of the string, the ant falls off. Ants are infinitesimally small, and when two ants collide head-on, they instantly reverse direction while maintaining their speed. What is the expected time until all ants have fallen off the string?","At first glance, the problem seems complex due to three factors: the random initial positions of the ants, their random direction choices, and the direction reversals upon collisions. To simplify, consider the effect of a collision. When two ants collide and reverse direction, this is equivalent to them passing through each other without changing direction if we ignore their labels (since the labels are arbitrary). Thus, the collisions do not affect the overall outcome. This means we can disregard the collisions entirely and assume each ant continues moving in its original direction until it falls off.

Next, consider the random direction each ant chooses. Due to the symmetry of the problem, the expected time for an ant to fall off is the same regardless of its initial direction. For an ant starting at position $x$, the expected time to fall off is $x$ minutes if it moves toward the right end (1) or $(1 - x)$ minutes if it moves toward the left end (0). In either case, the expected time is the minimum of these two values, which simplifies to $x$ when considering the uniform distribution over all possible starting positions. Thus, the problem reduces to finding the expected value of the maximum of 500 independent and identically distributed (IID) uniform random variables on the interval $[0, 1]$.

The expected value of the maximum of $n$ IID uniform random variables on $[0, 1]$ is given by $\frac{n}{n+1}$. For $n = 500$, this evaluates to $\frac{500}{501}$. However, since the ants move at 1 foot per minute, the expected time for all ants to fall off is the expected maximum position, which is $\frac{500}{501}$ minutes. This is approximately 0.998 minutes, or roughly 59.9 seconds.

Valid Answers: 500/501",green_book,2026-05-03 19:56:42.206183+00,Focus on the behavior of the ants when they collide. Consider whether the collisions change the overall outcome in terms of when ants fall off the string. Think about how you can simplify the problem by ignoring the collisions or treating them differently.
87,Probability of First 12 Before Two Consecutive 7s in Dice Rolls,stochastic_calculus,0     0      0      1     4,Two players compete in a dice game where they roll a pair of standard six-sided dice repeatedly. Player A wins if a sum of 12 appears before two consecutive sums of 7. Player B wins if two consecutive sums of 7 occur before a sum of 12. What is the probability that Player A wins the game?,"We solve this using both conditional probability and Markov chain approaches while preserving the exact same mathematical structure.

**Conditional Probability Approach:**
Let $P(A)$ denote the probability that Player A wins. The first roll can result in one of three mutually exclusive outcomes: a sum of 12, a sum of 7, or neither. We condition $P(A)$ on the outcome of the first roll:
$$P(A) = P(A \mid F=12) P(F=12) + P(A \mid F=7) P(F=7) + P(A \mid F \notin \{7,12\}) P(F \notin \{7,12\}),$$
where $F$ is the sum of the first roll.

From basic combinatorics, the probabilities of the first roll are:
$$P(F=12) = \frac{1}{36}, \quad P(F=7) = \frac{6}{36}, \quad P(F \notin \{7,12\}) = \frac{29}{36}.$$ 

We also know:
- $P(A \mid F=12) = 1$, since Player A wins immediately.
- $P(A \mid F=7)$ requires further conditioning on the second roll. Let $E$ be the sum of the second roll. Then:
$$P(A \mid F=7) = P(A \mid F=7, E=12) P(E=12) + P(A \mid F=7, E=7) P(E=7) + P(A \mid F=7, E \notin \{7,12\}) P(E \notin \{7,12\}).$$

Breaking this down:
- If $E=12$, Player A wins immediately, so $P(A \mid F=7, E=12) = 1$.
- If $E=7$, Player B wins immediately, so $P(A \mid F=7, E=7) = 0$.
- If $E \notin \{7,12\}$, the game resets to the initial state, so $P(A \mid F=7, E \notin \{7,12\}) = P(A)$.

Thus:
$$P(A \mid F=7) = 1 \cdot \frac{1}{36} + 0 \cdot \frac{6}{36} + P(A) \cdot \frac{29}{36} = \frac{1}{36} + \frac{29}{36} P(A).$$

Substituting back into the original equation for $P(A)$:
$$P(A) = 1 \cdot \frac{1}{36} + \left(\frac{1}{36} + \frac{29}{36} P(A)\right) \cdot \frac{6}{36} + P(A) \cdot \frac{29}{36}.$$

Simplifying:
$$P(A) = \frac{1}{36} + \frac{6}{36} \cdot \frac{1}{36} + \frac{6}{36} \cdot \frac{29}{36} P(A) + \frac{29}{36} P(A).$$

Combining like terms and solving for $P(A)$:
$$P(A) - \frac{174}{1296} P(A) - \frac{29}{36} P(A) = \frac{1}{36} + \frac{6}{1296},$$
$$P(A) \left(1 - \frac{174}{1296} - \frac{1044}{1296}\right) = \frac{36}{1296} + \frac{6}{1296},$$
$$P(A) \left(\frac{84}{1296}\right) = \frac{42}{1296},$$
$$P(A) = \frac{42}{84} = \frac{7}{13}.$$ 

**Markov Chain Approach:**
We define the states as follows:
- $S$: Starting state (no relevant rolls yet).
- $7$: Most recent roll was a 7, but no 12 or two consecutive 7s yet.
- $7$-$7$: Two consecutive 7s (absorbing state, Player B wins).
- $12$: A 12 occurs (absorbing state, Player A wins).

The transition probabilities are:
- From $S$, rolling a 12 leads to absorption with $P(A)=1$, rolling a 7 moves to state $7$, and any other roll returns to $S$.
- From $7$, rolling a 12 leads to absorption with $P(A)=1$, rolling a 7 leads to absorption with $P(A)=0$, and any other roll returns to $S$.

Let $a_S$ and $a_7$ be the probabilities of Player A winning from states $S$ and $7$, respectively. The system of equations is:
$$a_S = \frac{1}{36} \cdot 1 + \frac{6}{36} a_7 + \frac{29}{36} a_S,$$
$$a_7 = \frac{1}{36} \cdot 1 + \frac{6}{36} \cdot 0 + \frac{29}{36} a_S.$$ 

Solving these equations yields $a_S = \frac{7}{13}$.

Valid Answers: 7/13",green_book,2026-05-03 19:56:42.206183+00,"Consider breaking the problem into states based on the most recent relevant roll (e.g., no prior 7, one prior 7, or a 12). This can help model the game as a sequence of dependent events where the outcome depends on the current state. Think about how the probability of winning changes in each state."
88,Expected Tosses for Consecutive Heads Patterns,stochastic_calculus,0     0      0      1     4,"Part A. When flipping a fair coin repeatedly, what is the average number of tosses needed to first observe three consecutive heads (HHH)? What is the average number of tosses required to first observe the sequence tails followed by two heads (THH)?

Part B. If you continue flipping the coin until either HHH or THH appears, what is the probability that HHH occurs before THH?","Part A: Expected tosses for HHH

We model this using a Markov chain with states representing the progress toward HHH:
- S: No relevant history (or last toss was T)
- H: One consecutive H observed
- HH: Two consecutive Hs observed
- HHH: Absorbing state (target achieved)

Transition probabilities:
- From S: P(S→S) = 1/2 (if T), P(S→H) = 1/2 (if H)
- From H: P(H→S) = 1/2 (if T), P(H→HH) = 1/2 (if H)
- From HH: P(HH→S) = 1/2 (if T), P(HH→HHH) = 1/2 (if H)
- From HHH: P(HHH→HHH) = 1 (absorbing)

Let µ_S, µ_H, and µ_HH be the expected tosses from states S, H, and HH respectively. We set up the system:
$$\begin{aligned}
µ_S &= 1 + \frac{1}{2}µ_S + \frac{1}{2}µ_H \\
µ_H &= 1 + \frac{1}{2}µ_S + \frac{1}{2}µ_{HH} \\
µ_{HH} &= 1 + \frac{1}{2}µ_S + \frac{1}{2}(0) \\
µ_{HHH} &= 0
\end{aligned}$$

Solving:
From the third equation: µ_HH = 2 + µ_S
Substitute into second: µ_H = 1 + µ_S + 1 + \frac{1}{2}µ_S = 2 + \frac{3}{2}µ_S
Substitute into first: µ_S = 1 + \frac{1}{2}µ_S + 1 + \frac{3}{4}µ_S = 2 + \frac{5}{4}µ_S
Thus: µ_S = 8. Therefore, the expected tosses to reach HHH is 14.

For THH, we use states:
- S: No relevant history
- T: One T observed
- TH: T followed by H
- THH: Absorbing state

Transition probabilities:
- From S: P(S→S) = 1/2 (if T), P(S→T) = 1/2 (if H)
- From T: P(T→S) = 1/2 (if T), P(T→TH) = 1/2 (if H)
- From TH: P(TH→S) = 1/2 (if T), P(TH→THH) = 1/2 (if H)
- From THH: P(THH→THH) = 1

Let µ_S, µ_T, and µ_TH be the expected tosses. We set up:
$$\begin{aligned}
µ_S &= 1 + \frac{1}{2}µ_S + \frac{1}{2}µ_T \\
µ_T &= 1 + \frac{1}{2}µ_S + \frac{1}{2}µ_{TH} \\
µ_{TH} &= 1 + \frac{1}{2}µ_S + \frac{1}{2}(0)\\
µ_{THH} &= 0
\end{aligned}$$

Solving:
From third: µ_TH = 2 + µ_S
Substitute into second: µ_T = 1 + µ_S + 1 + \frac{1}{2}µ_S = 2 + \frac{3}{2}µ_S
Substitute into first: µ_S = 1 + \frac{1}{2}µ_S + 1 + \frac{3}{4}µ_S = 2 + \frac{5}{4}µ_S
Thus: µ_S = 8. Therefore, the expected tosses to reach THH is 8.

Part B: Probability HHH occurs before THH

Observe that any occurrence of HHH must begin with two consecutive heads. The first time two consecutive heads appear, the next toss determines the outcome:
- If H: HHH occurs immediately
- If T: The sequence becomes TH, and THH can now occur on the next toss

Thus, HHH can only be preceded by THH if the sequence starts with T. The probability that HHH occurs before THH is therefore the probability that the first two tosses are both H, which is (1/2)² = 1/4.

Valid Answers: 14, 8, 0.25",green_book,2026-05-03 19:56:42.206183+00,"Consider modeling the problem using states that represent the progress toward the target sequence. For each state, think about how the expected number of tosses changes based on the next coin flip. What happens when a toss doesn't match the desired sequence?"
89,Expected Steps to Monochromatic State in Ball Repainting Process,stochastic_calculus,0     0      0      1     4,"A box holds n balls, each uniquely colored. In each step, you randomly pick two balls, repaint the first to match the second, and return both to the box. How many steps, on average, are required until every ball in the box shares the same color?","Let $N_n$ denote the number of steps needed to reach a monochromatic state, and let $F_i$ for $i = 1, 2, \dots, n$ be the event that all balls end up color $i$. By the law of total expectation, we have

$$E[N_n] = \sum_{i=1}^n E[N_n \mid F_i] \cdot P[F_i].$$

Due to symmetry across colors (each color is equally likely to be the final one), $P[F_i] = \frac{1}{n}$ for all $i$, and $E[N_n \mid F_i] = E[N_n \mid F_j]$ for any $i, j$. Thus, we can focus on computing $E[N_n \mid F_1]$ and use it to represent $E[N_n]$.

To compute $E[N_n \mid F_1]$, model the process as a Markov chain where the state is the number of balls currently color 1. State $n$ is absorbing (all balls are color 1), and state 0 is unreachable under $F_1$ (since it would imply no balls are color 1, contradicting $F_1$). The transition probabilities are conditioned on $F_1$, meaning the dynamics are influenced by the requirement that the process ends in $F_1$. For example, $P_{i,i-1 \mid F_1} = \frac{i(n-i)}{n(n-1)}$ represents the probability of reducing the count of color 1 balls by one in a step, given that the process will eventually end in $F_1$.

The system of equations for the expected time to absorption is:

$$E[N_i \mid F_1] = 1 + E[N_{i-1} \mid F_1] \cdot P_{i,i-1 \mid F_1} + E[N_i \mid F_1] \cdot P_{i,i \mid F_1} + E[N_{i+1} \mid F_1] \cdot P_{i,i+1 \mid F_1},$$

where $P_{i,i-1 \mid F_1} = \frac{i(n-i)}{n(n-1)}$, $P_{i,i \mid F_1} = \frac{(n-i)(n-i-1) + i(i-1)}{n(n-1)}$, and $P_{i,i+1 \mid F_1} = \frac{(n-i)i}{n(n-1)}$. Solving this system (e.g., via backward substitution starting from $E[N_n \mid F_1] = 0$) yields $E[N_n \mid F_1] = n(n-1)$.

Since $E[N_n] = E[N_n \mid F_1]$ by symmetry, the expected number of steps is $n(n-1)$.

Valid Answers: n(n-1)",green_book,2026-05-03 19:56:42.206183+00,Consider modeling the problem as a Markov chain where the state represents the number of balls of a specific color. Focus on the transitions between states and how they depend on the current count of that color. Symmetry might simplify the calculations.
90,Probability and Expected Steps for a Random Walk on a Bridge,stochastic_calculus,Martingale and Random walk,"A person standing at the 17-meter mark on a 100-meter bridge moves one meter forward or backward with equal probability at each step. What is the probability they reach the 100-meter end before the 0-meter start? Additionally, what is the expected number of steps until they reach either the start or the end of the bridge?","This problem is a classic example often framed as a martingale question in quantitative interviews. While many candidates solve it using Markov chains with absorbing states or the gambler's ruin framework (with $p = rac{1}{2}$), a martingale approach provides a more intuitive and concise solution.

Let the initial position (17th meter) be denoted as $S_0 = 0$. The problem then reduces to a symmetric random walk that terminates at either $a = 83$ (100 - 17) or $\beta = -17$ (0 - 17). Both $S_n$ and $-S_n$ are martingales. Since a martingale stopped at a stopping time remains a martingale, $S_N$ and $-N$ (where $N$ is the stopping time and $S_N = x_1 + x_2 + \dots + x_N$) are also martingales.

Let $p_a$ be the probability of stopping at $a = 83$, and $p_\beta = 1 - p_a$ be the probability of stopping at $\beta = -17$. Let $N$ denote the stopping time. Then:

$$E[S_N] = p_a \cdot 83 + p_\beta \cdot (-17) = S_0 = 0$$

Solving for $p_a$:

$$p_a \cdot 83 - (1 - p_a) \cdot 17 = 0$$
$$83p_a - 17 + 17p_a = 0$$
$$100p_a = 17$$
$$p_a = 0.17$$

For the expected number of steps, we use the property of martingales:

$$E[-N] = E[S_N^2] - E[N] = 0$$

Since $E[S_N^2] = p_a \cdot 83^2 + p_\beta \cdot (-17)^2$:

$$E[S_N^2] = 0.17 \cdot 83^2 + 0.83 \cdot 17^2$$
$$= 0.17 \cdot 6889 + 0.83 \cdot 289$$
$$= 1171.13 + 239.87$$
$$= 1411$$

Thus:

$$E[-N] = 1411 - E[N] = 0$$
$$E[N] = 1411$$

Therefore, the probability of reaching the end of the bridge before the start is $0.17$, and the expected number of steps to reach either end is $1411$.

This solution generalizes to a symmetric random walk starting at $0$ that stops at either $a$ or $-\beta$ ($a > 0$, $\beta > 0$). The probability of stopping at $a$ is $p_a = \frac{\beta}{a + \beta}$, and the expected stopping time is $E[N] = a\beta$.

Valid Answers: 0.17, 1411",green_book,2026-05-03 19:56:42.206183+00,Consider framing this as a stopping time problem where the walk terminates at either boundary. Think about properties of martingales or symmetry in the random walk to derive the probability and expected steps without getting bogged down in complex calculations.
91,Expected payoff in a dice rolling game with stopping rules,stochastic_calculus,Martingale and Random walk,"You participate in a dice game where each roll pays out the face value shown. If you roll a 4, 5, or 6, you may roll again; if you roll a 1, 2, or 3, the game ends immediately. What is the expected total payout from this game?","Two approaches can be used to determine the expected payoff. First, the law of total expectation can be applied directly. Alternatively, Wald's Equality provides a more concise solution given the explicit stopping conditions. The stopping time $N$ follows a geometric distribution with success probability $p = rac{1}{2}$, since the game ends with equal likelihood on any roll. The expected number of rolls is therefore $E[N] = rac{1}{p} = 2$. The expected payout per roll is $E[X] = rac{1 + 2 + 3 + 4 + 5 + 6}{6} = rac{7}{2}$. By Wald's Equality, the total expected payoff is $E[S_N] = E[X] 	imes E[N] = rac{7}{2} 	imes 2 = 7$.

Ticket line
At a theater ticket office, $2n$ people are waiting to purchase tickets. Exactly $n$ of them have only $5 bills, and the remaining $n$ have only $10 bills. The ticket seller starts with no change. If each person buys a single $5 ticket, what is the probability that all patrons can complete their purchase without needing to rearrange their positions?",green_book,2026-05-03 19:56:42.206183+00,Consider modeling the problem as a path-counting question where you track the balance of 5 and 10 bills at each step. Think about what condition must hold at every point to ensure the ticket seller never runs out of change.
92,Theater Ticket Queue Probability,stochastic_calculus,Martingale and Random walk,"A ticket line at a theater has 2n people waiting to purchase tickets. Exactly n of these people have only $5 bills, while the remaining n have only $10 bills. The cashier begins with no change. Each ticket costs $5. What is the probability that all customers can successfully purchase their tickets without any of them needing to rearrange their positions in line?","This problem is a classic example where the reflection principle is essential for a correct solution. Few candidates can derive the answer without this technique.

First, assign a value of +1 to each person paying with a $5 bill and -1 to each person paying with a $10 bill. Treat the sequence of payments as a random walk starting at 0. After 2n transactions, the walk must end at 0, meaning exactly n steps are +1 and n are -1. The total number of such paths is given by the binomial coefficient:

$$\binom{2n}{n} = \frac{(2n)!}{n!n!}.$$ 

However, we are interested only in paths that never dip below 0 at any point before the final step. To compute this, we calculate the complement: the number of paths that reach -1 at some point before the end. By the reflection principle, each such path can be uniquely mapped to a path ending at -2 after 2n steps. The number of paths ending at -2 is:

$$\binom{2n}{n-1} = \frac{(2n)!}{(n-1)!(n+1)!}.$$ 

Thus, the number of valid paths that never go below 0 is the difference between the total paths and the reflected paths:

$$\binom{2n}{n} - \binom{2n}{n-1} = \frac{1}{n+1} \binom{2n}{n}.$$ 

The probability is therefore the ratio of valid paths to total paths:

$$\frac{\frac{1}{n+1} \binom{2n}{n}}{\binom{2n}{n}} = \frac{1}{n+1}.$$ 

Hence, the probability that all people will be able to buy their tickets without having to change positions is $\frac{1}{n+1}$.

Valid Answers: 1/(n+1)",green_book,2026-05-03 19:56:42.206183+00,Think about modeling the problem as a sequence of steps where each $5 bill is a +1 and each $10 bill is a -1. What constraint must the sequence satisfy to ensure the cashier never runs out of change? Consider how to count valid sequences that meet this constraint.
93,Expected tosses for a run of n consecutive heads,stochastic_calculus,Martingale and Random walk,Suppose you flip a fair coin repeatedly. What is the expected number of tosses required to observe a sequence of n consecutive heads?,"Let Eₙ denote the expected number of tosses needed to obtain n consecutive heads. We can derive a recurrence relation using a first-step analysis. To reach n consecutive heads, the process must first reach (n−1) consecutive heads, which takes Eₙ₋₁ tosses on average. From the state of (n−1) consecutive heads, there is a 1/2 probability that the next toss is heads, completing the sequence in one additional toss. There is also a 1/2 probability that the next toss is tails, resetting the process to zero consecutive heads and requiring another Eₙ tosses on average. This gives the recurrence:

Eₙ = Eₙ₋₁ + 1 + (1/2)(0) + (1/2)Eₙ

Solving for Eₙ:
Eₙ = 2Eₙ₋₁ + 2.

We verify the base cases: E₁ = 2, E₂ = 6, and E₃ = 14. Assuming Eₖ = 2ᵏ⁺¹ − 2 holds for some k ≥ 1, we substitute into the recurrence:

Eₖ₊₁ = 2Eₖ + 2 = 2(2ᵏ⁺¹ − 2) + 2 = 2ᵏ⁺² − 4 + 2 = 2ᵏ⁺² − 2.

By induction, the formula Eₙ = 2ⁿ⁺¹ − 2 holds for all n ≥ 1.

Alternatively, using a martingale approach, consider a sequence of gamblers each betting $1 on a run of n heads. After i tosses, the total bankroll of all gamblers is a martingale. The game stops when the first gambler achieves n consecutive heads, at which point their payoff is 2ⁿ. The total payoff across all gamblers at stopping time is fixed and equals the sum of a geometric series: 2ⁿ + 2ⁿ⁻¹ + ... + 2 = 2ⁿ⁺¹ − 2. Since the expected total bankroll at stopping time equals the initial total investment, the expected number of tosses is Eₙ = 2ⁿ⁺¹ − 2.

Valid Answers: 2^(n+1) - 2",green_book,2026-05-03 19:56:42.206183+00,"Consider breaking the problem into smaller subproblems. What is the expected number of tosses to get the first head, and how does this relate to the expected number of tosses to get two consecutive heads? Think recursively about the states you can be in based on the number of consecutive heads you've seen so far."
94,Optimal Betting Strategy in a Three-Roll Dice Game,stochastic_calculus,Dynamic Programming,"You are allowed to roll a standard six-sided die up to three times. After the first or second roll, if the outcome is a number x, you may either accept x dollars and end the game or choose to roll again, forfeiting the current value. On the third roll, you must accept the value shown. What is the expected monetary value of this game, and what betting strategy maximizes your expected return?","This problem can be solved using backward induction, a technique from dynamic programming. Begin by analyzing the final stage of the game, where you have already forfeited the first two rolls and must take the third roll. Each outcome (1 through 6) has an equal probability of $\frac{1}{6}$, so the expected payoff is simply the average of these values:

$$\mathbb{E}[X] = \frac{1 + 2 + 3 + 4 + 5 + 6}{6} = 3.5.$$ 

Next, consider the decision point after the second roll. You can either accept the current value or roll again, which guarantees an expected payoff of $3.5. You should accept the current value if it exceeds $3.5, meaning you stop rolling when the outcome is 4, 5, or 6. If the outcome is 1, 2, or 3, you should roll again. The expected payoff at this stage is therefore:

$$\mathbb{E}[Y] = \frac{3}{6} \cdot 3.5 + \frac{1}{6} \cdot (4 + 5 + 6) = 4.25.$$ 

Now, analyze the decision point after the first roll. You can either accept the current value or roll again, which guarantees an expected payoff of $4.25. You should accept the current value if it exceeds $4.25, meaning you stop rolling when the outcome is 5 or 6. If the outcome is 1, 2, 3, or 4, you should roll again. The expected payoff at the start of the game is thus:

$$\mathbb{E}[Z] = \frac{4}{6} \cdot 4.25 + \frac{1}{6} \cdot (5 + 6) = \frac{14}{3}.$$ 

This backward induction yields both the optimal strategy and the expected value of the game at the initial stage, which is $\frac{14}{3}$ dollars.


World series
The Boston Red Sox and the Colorado Rockies are competing in the World Series finals, a best-of-seven series where the first team to win four games wins the championship. You have $100 to place a double-or-nothing bet on the Red Sox, but you can only wager on individual games, not the series outcome. How should you distribute your bets across the games to ensure that if the Red Sox win the series, you gain exactly $100, and if they lose, you lose exactly $100?",green_book,2026-05-03 19:56:42.206183+00,"Consider the problem as a sequence of binary decisions where each game can be treated as an independent event with two possible outcomes. Think about how to allocate your bets to ensure the final payoff is symmetric around the initial $100, regardless of the series outcome."
95,Optimal Betting Strategy for World Series Outcome,stochastic_calculus,Dynamic Programming,"The Boston Red Sox and Colorado Rockies are competing in the World Series, a best-of-seven series where the first team to win 4 games wins the championship. You have $100 to place a double-or-nothing bet on the Red Sox, but you can only wager on individual games, not the series outcome directly. How should you distribute your bets across each game so that if the Red Sox wins the series, you end up with exactly $100, and if they lose, you lose exactly $100?","Let’s model the problem using dynamic programming. Define the state as $(i,j)$, where $i$ is the number of games the Red Sox has won and $j$ is the number of games the Rockies has won. Let $f(i,j)$ represent the net payoff at state $(i,j)$. The terminal states are $(4,j)$ for $j=0,1,2,3$ with $f(4,j) = 100$ (Red Sox wins the series) and $(i,4)$ for $i=0,1,2,3$ with $f(i,4) = -100$ (Red Sox loses the series).

For any non-terminal state $(i,j)$, if you bet $y$ on the next game and the Red Sox wins, the state transitions to $(i+1,j)$ with payoff $f(i+1,j) = f(i,j) + y$. If the Red Sox loses, the state transitions to $(i,j+1)$ with payoff $f(i,j+1) = f(i,j) - y$. Solving for $y$ gives:

$$
 y = \frac{f(i+1,j) - f(i,j+1)}{2}
$$

We compute $f(i,j)$ backward from the terminal states. For example, at $(3,3)$, $f(3,3) = \frac{f(4,3) + f(3,4)}{2} = \frac{100 - 100}{2} = 0$. Continuing this process, we fill in the payoffs for all states. The bet at each state is then determined by the above formula.

The resulting betting strategy ensures that the net payoff is exactly $100 if the Red Sox wins the series and $-100 if they lose.

Valid Answers: Bet amounts derived from dynamic programming as described above.",green_book,2026-05-03 19:56:42.206183+00,Consider modeling the problem as a state transition system where each game outcome leads to a new state. Think about how to ensure the final payoff is fixed regardless of the path taken. Dynamic programming can help compute the required bets at each state to guarantee the desired outcome.
96,Optimal stopping strategy for a dice-based casino game,stochastic_calculus,37.5                             50                                  100,"A casino introduces a dice game where you can roll a fair six-sided die repeatedly until a 6 appears. Each roll yields a payoff equal to the face value (1–5) if the outcome is 1 through 5, but rolling a 6 forfeits all accumulated winnings and ends the game. After each roll resulting in 1–5, you may choose to stop and keep the current winnings or continue rolling. Assuming you are risk-neutral, what is the maximum amount you would pay to play this game?","Let $f(n)$ denote the expected payoff when you have already accumulated $n$ in winnings. If you decide to roll again, your expected payoff becomes

$$\frac{1}{6}(n+1) + \frac{1}{6}(n+2) + \frac{1}{6}(n+3) + \frac{1}{6}(n+4) + \frac{1}{6}(n+5) + \frac{1}{6}(0) = n + 2.5.$$ 

You should continue rolling only if this expected payoff exceeds the current winnings, i.e., when $n + 2.5 > n$, which simplifies to $n < 15$. Therefore, you stop rolling once you reach $n = 15$ or more. The maximum possible payoff is $19, achieved if you reach $14 and then roll a 5.

We compute $f(n)$ recursively for $n = 14, 13, \dots, 0$ using the rule that for $n \leq 14$, you keep rolling, so

$$f(n) = \frac{1}{6}\sum_{i=1}^{5} f(n+i).$$ 

The computed values are summarized below:

| n  | 19 | 18 | 17 | 16 | 15 | 14 | 13 | 12 | 11 | 10 |
|----|----|----|----|----|----|----|----|----|----|----|
| f(n) | 19.00 | 18.00 | 17.00 | 16.00 | 15.00 | 14.17 | 13.36 | 12.59 | 11.85 | 11.16 |

| n  | 9  | 8  | 7  | 6  | 5  | 4  | 3  | 2  | 1  | 0  |
|----|----|----|----|----|----|----|----|----|----|----|
| f(n) | 10.52 | 9.91 | 9.34 | 8.80 | 8.29 | 7.81 | 7.36 | 6.93 | 6.53 | 6.15 |

Since $f(0) = 6.15$, a risk-neutral player should be willing to pay at most $6.15 to play this game.

Valid Answers: 6.15",green_book,2026-05-03 19:56:42.206183+00,Consider modeling the problem recursively by defining the expected value of continuing to play based on your current winnings. Think about the threshold where the expected value of rolling again equals the current winnings—this is where you should stop.
97,Optimal Stopping Strategy for a Card-Based Betting Game,stochastic_calculus,37.5                             50                                  100,"A casino runs a card game using a standard 52-card deck (26 red and 26 black cards). The deck is shuffled thoroughly, and cards are drawn sequentially without replacement. You may halt the game at any point. Each red card drawn awards you $1, while each black card drawn costs you $1. What is the optimal stopping rule to maximize your expected payoff, and what is the maximum amount you would pay to play this game?","This problem is often perceived as challenging by candidates, but it reduces to a straightforward dynamic programming exercise. Let the state be defined by the number of black cards remaining ($b$) and red cards remaining ($r$) in the deck. By symmetry, the difference between red and black cards drawn so far is equal to the difference between black and red cards remaining: $b - r$. At any state $(b, r)$, you must decide whether to stop or continue. If you stop, your payoff is $b - r$. If you continue, the next card is black with probability $\frac{b}{b + r}$, transitioning the state to $(b - 1, r)$, or red with probability $\frac{r}{b + r}$, transitioning the state to $(b, r - 1)$. You should continue playing only if the expected payoff from drawing another card exceeds $b - r$. This yields the recursive equation:

$$E[f(b,r)] = \max\left(b - r, \frac{b}{b + r}E[f(b - 1, r)] + \frac{r}{b + r}E[f(b, r - 1)]\right).$$

Using the boundary conditions $f(0, r) = -r$, $f(b, 0) = b$ for all $b, r = 0, 1, \dots, 26$, and solving the system recursively, we compute $E[f(b, r)]$ for all possible states. The expected payoff at the start of the game, with $(b, r) = (26, 26)$, is $E[f(26, 26)] = 2.62$ dollars.

Valid Answers: 2.62",green_book,2026-05-03 19:56:42.206183+00,Consider framing the problem in terms of the remaining cards rather than the cards drawn so far. Think about how the difference between the remaining black and red cards can guide your decision to stop or continue playing.
98,Key Properties and Martingales of Brownian Motion,stochastic_calculus,Brownian Motion and Stochastic Calculus,A. Define a Brownian motion and list its fundamental properties. 1,"This is a foundational question on Brownian motion. While some aspects like W(0) = 0 may seem trivial, it is essential to explicitly state all defining characteristics and properties.

A continuous-time stochastic process W(t), where t ≥ 0, is called a Brownian motion if it satisfies the following conditions:

• W(0) = 0;

• The increments W(t₁) − W(t₀), W(t₂) − W(t₁), ..., W(tₙ) − W(tₙ₋₁) for any sequence 0 ≤ t₀ < t₁ < ... < tₙ are independent random variables;

• Each increment W(tᵢ₊₁) − W(tᵢ) follows a normal distribution with mean 0 and variance tᵢ₊₁ − tᵢ, i.e., W(tᵢ₊₁) − W(tᵢ) ∼ N(0, tᵢ₊₁ − tᵢ).

Important properties of Brownian motion include:

• Continuous paths (no jumps);

• Zero mean: E[W(t)] = 0;

• Variance equal to time: E[W(t)²] = t;

• Marginal distribution: W(t) ∼ N(0, t);

• Martingale property: E[W(t+s) | W(t)] = W(t);

• Covariance structure: cov(W(s), W(t)) = min(s, t) for 0 < s < t;

• Markov property in continuous space.

Two additional martingales derived from Brownian motion are frequently used in applications:

• Y(t) = W(t)² − t is a martingale.

• Z(t) = exp{α W(t) − ½ α² t}, where α is a constant, is a martingale (exponential martingale).

A proof of the first martingale using Itô’s lemma will be provided in the next section. For the exponential martingale, the key steps are as follows: 2

E[Z(t+s)] = E[exp{α(W(t) + W(s)) − ½ α²(t + s)}]

= exp{−½ α² t} E[exp{α W(t) + α W(s) − ½ α² s}]

= exp{−½ α² t} E[exp{α W(t)}] E[exp{α W(s) − ½ α² s}]

= Z(t) exp{−½ α² t} exp{½ α² t} = Z(t).

B. What is the correlation between a Brownian motion and its square?",green_book,2026-05-03 19:56:42.206183+00,"Recall that correlation measures the linear relationship between two random variables. Consider how the square of a Brownian motion behaves differently from the motion itself, especially in terms of variance and growth. Think about the covariance and variance terms needed to compute the correlation."
99,Why American Call Options on Non-Dividend Stocks Should Not Be Exercised Early,option_pricing,,"American call options can be exercised at any point before expiration, which typically makes them more valuable than European call options with identical terms. However, when the underlying stock does not pay dividends, the theoretical price of an American call option matches that of a European call option. Explain why exercising an American call option on a non-dividend-paying stock before its maturity date is never the optimal strategy.","There are multiple valid approaches to demonstrate why early exercise of an American call on a non-dividend-paying stock is suboptimal. Below are three distinct arguments that lead to the same conclusion.

Argument 1: Time Value Preservation
If an investor exercises an American call option early, they receive only the intrinsic value, defined as $S - K$, where $S$ is the stock price and $K$ is the strike price. However, the option's price includes an additional component known as time value, which remains positive for a call option on a non-dividend-paying stock. Selling the option instead of exercising it preserves this time value, making it the more financially advantageous choice. 

To formalize this, we rearrange the put-call parity for European options:
$$ c = S - K e^{-rT} + p = (S - K) + (K - K e^{-rT}) + p. $$

Here, the European call price consists of three parts:
1. The intrinsic value: $S - K$,
2. The time value of the strike price: $K - K e^{-rT}$, which is positive because $e^{-rT} < 1$ for $r > 0$ and $T > 0$, and
3. The value of the put option $p$, which acts as insurance against a decline in the stock price.

Since both the second and third components are positive, the European call price exceeds its intrinsic value. Given that the American call price is at least as high as the European call price, it also exceeds the intrinsic value. Therefore, exercising the American call early forfeits the additional value, making it non-optimal.


Argument 2: Alternative Strategy Comparison
Consider two strategies at time $t < T$ (where $T$ is the maturity date):

- Strategy 1: Exercise the call option immediately, receiving $S_t - K$.
- Strategy 2: Keep the call option, short sell the stock for $S_t$, and lend the present value of the strike price $K e^{-r(T-t)}$ at the risk-free rate $r$.

At maturity $T$, if the stock price $S_T > K$, the call is exercised, the short position is closed, and the loan is repaid. The cash flows for Strategy 2 are summarized below:

| Cash Flow | Time $t$ | Time $T$ (if $S_T > K$) |
|-----------|----------|--------------------------|
| Call Option | $0$ | $S_T - K$ |
| Short Stock | $S_t$ | $-S_T$ |
| Lend $K e^{-r(T-t)}$ | $-K e^{-r(T-t)}$ | $K$ |
| **Total** | $S_t - K e^{-r(T-t)}$ | $0$ |

At time $t$, Strategy 2 yields $S_t - K e^{-r(T-t)}$, which is greater than $S_t - K$ because $K e^{-r(T-t)} < K$. At time $T$, the payoff is non-negative. Thus, Strategy 2 dominates Strategy 1, proving that keeping the option alive is superior to early exercise.


Argument 3: Convexity and Risk-Neutral Pricing
Using risk-neutral pricing and Jensen's inequality, we analyze the payoff function of a call option. The payoff $C(S) = 	ext{max}(S - K, 0)$ is a convex function of the stock price $S$. For a convex function $f(X)$, Jensen's inequality states:
$$ 	ext{E}[f(X)] 
eq f(	ext{E}[X]). $$

Since the stock price $S$ follows a stochastic process under the risk-neutral measure, the expected payoff of the option at maturity is greater than the payoff from exercising early when $S > K$. This implies that the option's value is maximized by holding it until maturity rather than exercising early, as the expected future payoff exceeds the immediate intrinsic value.

In summary, all three arguments consistently show that early exercise of an American call option on a non-dividend-paying stock is never optimal.",green_book,2026-05-03 19:56:42.206183+00,Consider the components that make up the price of an option. What additional value does an option holder retain by keeping the option alive instead of exercising it immediately? Think about the relationship between intrinsic value and the option's total price.
100,Deriving the Black-Scholes-Merton PDE and Its Key Assumptions,option_pricing,,Write the Black-Scholes-Merton partial differential equation (PDE) and outline the steps used to derive it.,"Assume the stock price follows geometric Brownian motion described by the stochastic differential equation
$$dS = dS = µSdt + σSdW(t),$$
where W(t) is a standard Brownian motion. Let V(S,t) denote the price of a derivative contingent on S at time t. Applying Itô’s Lemma to V yields the process
$$dV = \left(\frac{\partial V}{\partial t} + \mu S \frac{\partial V}{\partial S} + \frac{1}{2}\sigma^2 S^2 \frac{\partial^2 V}{\partial S^2}\right)dt + \sigma S \frac{\partial V}{\partial S}dW(t).$$

To derive the Black-Scholes-Merton PDE, construct a self-financing portfolio Π = V − (∂V/∂S) S by holding one unit of the derivative and shorting ∂V/∂S units of the stock. The change in portfolio value satisfies
$$dΠ = dV − \frac{\partial V}{\partial S}dS.$$ Substituting the expressions for dV and dS gives
$$dΠ = \left(\frac{\partial V}{\partial t} + \frac{1}{2}\sigma^2 S^2 \frac{\partial^2 V}{\partial S^2}\right)dt.$$ This portfolio is risk-free because its diffusion term vanishes. Under no-arbitrage, it must earn the risk-free rate r, so
$$dΠ = rΠdt = r\left(V − \frac{\partial V}{\partial S}S\right)dt.$$ Equating the two expressions for dΠ yields the Black-Scholes-Merton PDE
$$\frac{\partial V}{\partial t} + rS\frac{\partial V}{\partial S} + \frac{1}{2}\sigma^2 S^2 \frac{\partial^2 V}{\partial S^2} = rV.$$ This PDE is a special case of the discounted Feynman–Kac formula, which links SDEs to PDEs for general Itô processes. Under the risk-neutral measure, the discounted derivative price is a martingale satisfying the same PDE with drift µ replaced by r.

Valid Answers: $$\frac{\partial V}{\partial t} + rS\frac{\partial V}{\partial S} + \frac{1}{2}\sigma^2 S^2 \frac{\partial^2 V}{\partial S^2} = rV$$",green_book,2026-05-03 19:56:42.206183+00,Focus on how the derivative's price changes over time and how it relates to the underlying asset's price. Consider constructing a portfolio that eliminates risk by combining the derivative with the underlying asset. What must be true about the return of such a risk-free portfolio?
101,Key Assumptions and Derivation of the Black-Scholes Formula,option_pricing,,"What are the fundamental assumptions underlying the Black-Scholes model for pricing European call and put options, and how can the formula for a European call option on a non-dividend-paying stock be derived using the risk-neutral probability measure?","The Black-Scholes model relies on the following key assumptions:
1. The underlying stock pays no dividends.
2. The risk-free interest rate remains constant and is known at all times.
3. The stock price follows a geometric Brownian motion, described by the stochastic differential equation $dS = \mu S dt + \sigma S dW(t)$, where $\mu$ is the drift, $\sigma$ is the volatility, and $dW(t)$ is a Wiener process.
4. There are no transaction costs or taxes, and short-selling proceeds can be fully reinvested.
5. All securities are perfectly divisible, meaning fractional shares can be traded.
6. Markets are arbitrage-free, ensuring no risk-free profit opportunities exist.

To derive the Black-Scholes formula for a European call option on a non-dividend-paying stock using the risk-neutral probability measure, we proceed as follows:

1. Under the risk-neutral measure $\mathbb{Q}$, the drift of the stock price process becomes the risk-free rate $r$, so the stock price dynamics are $dS = rS dt + \sigma S dW^{\mathbb{Q}}(t)$.
2. The price of the call option $c$ must satisfy the Black-Scholes partial differential equation (PDE):
   $$\frac{\partial c}{\partial t} + \frac{1}{2}\sigma^2 S^2 \frac{\partial^2 c}{\partial S^2} + rS \frac{\partial c}{\partial S} - rc = 0.$$ 
3. The terminal condition at maturity $T$ is $c(S_T, T) = \max(S_T - K, 0)$, where $K$ is the strike price.
4. Solving the PDE with this terminal condition yields the closed-form solution for the call price:
   $$c = SN(d_1) - Ke^{-r(T-t)}N(d_2),$$ 
   where $d_1 = \frac{\ln(S/K) + (r + \sigma^2/2)(T-t)}{\sigma \sqrt{T-t}}$ and $d_2 = d_1 - \sigma \sqrt{T-t}$.
5. The put option price can similarly be derived as $p = Ke^{-r(T-t)}N(-d_2) - SN(-d_1)$.

Valid Answers: The assumptions are as listed above. The derivation follows the steps outlined, resulting in the Black-Scholes formula for the call option.",green_book,2026-05-03 19:57:31.564064+00,"Focus on the core assumptions that make the Black-Scholes model tractable, such as the behavior of stock prices and market conditions. For the derivation, consider how changing the measure to a risk-neutral one simplifies the pricing problem by removing the need to account for the stock's expected return."
102,Delta of European Call Options: Non-Dividend Paying Stocks,greeks,,"A. What is the delta of a European call option on a stock that does not pay dividends? Additionally, explain the mathematical derivation of this delta.

B. How would you estimate the delta of an at-the-money European call option on a non-dividend-paying stock? What changes occur to the delta as the option approaches its expiration date?","A. For a European call option on a non-dividend-paying stock, the delta is given by $d = N(d_1)$. While it may seem straightforward to derive this by taking the partial derivative of the call pricing formula $c = SN(d_1) - Ke^{-rT}N(d_2)$ with respect to $S$ and treating $N(d_1)$ and $N(d_2)$ as constants, this approach is incorrect. Both $N(d_1)$ and $N(d_2)$ are functions of $S$ through $d_1$ and $d_2$, so the correct partial derivative must account for this dependency.

To derive the delta properly, compute the partial derivative of $c$ with respect to $S$:
$$
\frac{\partial c}{\partial S} = N(d_1) + S \frac{\partial N(d_1)}{\partial S} - Ke^{-rT} \frac{\partial N(d_2)}{\partial S}.
$$

Next, evaluate the derivatives of $N(d_1)$ and $N(d_2)$ with respect to $S$:
$$
\frac{\partial N(d_1)}{\partial S} = N'(d_1) \frac{\partial d_1}{\partial S} = \frac{1}{\sqrt{2\pi}} e^{-d_1^2/2} \frac{1}{S\sigma\sqrt{T}} = \frac{e^{-d_1^2/2}}{S\sigma\sqrt{2\pi T}},
$$
$$
\frac{\partial N(d_2)}{\partial S} = N'(d_2) \frac{\partial d_2}{\partial S} = \frac{1}{\sqrt{2\pi}} e^{-d_2^2/2} \frac{1}{S\sigma\sqrt{T}} = \frac{e^{-d_2^2/2}}{S\sigma\sqrt{2\pi T}}.
$$

Substitute these into the expression for $\frac{\partial c}{\partial S}$:
$$
\frac{\partial c}{\partial S} = N(d_1) + S \left(\frac{e^{-d_1^2/2}}{S\sigma\sqrt{2\pi T}}\right) - Ke^{-rT} \left(\frac{e^{-d_2^2/2}}{S\sigma\sqrt{2\pi T}}\right).
$$

Simplify the terms:
$$
\frac{\partial c}{\partial S} = N(d_1) + \frac{e^{-d_1^2/2}}{\sigma\sqrt{2\pi T}} - \frac{Ke^{-rT} e^{-d_2^2/2}}{S\sigma\sqrt{2\pi T}}.
$$

Using the relationship $d_2 = d_1 - \sigma\sqrt{T}$, we observe that the last two terms cancel out due to the Black-Scholes framework assumptions, leaving:
$$
\frac{\partial c}{\partial S} = N(d_1).
$$

B. For an at-the-money European call option on a non-dividend-paying stock, the delta is approximately $0.5$, since $N(d_1) \approx N(0) = 0.5$ when $S = Ke^{-rT}$ (at-the-money condition). As the option approaches maturity, the delta of an at-the-money call option tends toward either $0$ or $1$, depending on whether the option is out-of-the-money or in-the-money, respectively. This reflects the increasing certainty about the option's payoff as expiration nears.

Valid Answers: N(d1)",green_book,2026-05-03 19:57:31.564064+00,"Recall that delta is the partial derivative of the option price with respect to the stock price. Think about how the terms in the Black-Scholes formula depend on the stock price, particularly through d₁ and d₂. Focus on the relationship between d₁ and d₂ and how their derivatives with respect to S might simplify the expression."
103,Behavior of Gamma for At-the-Money European Options Near Expiration,greeks,"•""",Consider a European call or put option with dividend yield y. What occurs to the gamma of an at-the-money option as it approaches maturity?,"Using put-call parity, we observe that a call and a put with identical parameters share the same gamma (since the cash position and the underlying stock both have r = 0). Taking the partial derivative of the delta of a call option with respect to the underlying asset price S yields:

$$\Gamma = \frac{\partial \Delta}{\partial S} = \frac{N'(d_1) e^{-yT}}{S \sigma \sqrt{T}}.$$ 

For standard European call and put options, gamma is always positive.

Figure 6.3 illustrates that gamma peaks when the option is at the money, where delta changes most rapidly with respect to S. When S is significantly below or above K (deep out of the money or deep in the money), gamma approaches zero because delta remains nearly constant at 0 or 1.

Gamma diminishes more rapidly for shorter-maturity options than for longer-maturity ones as S moves away from K. Thus, for deep in-the-money or deep out-of-the-money options, longer maturity corresponds to higher gamma. Conversely, when the stock price is near the strike price (at the money), the delta of an at-the-money call becomes increasingly steep as maturity approaches. Therefore, for options near the strike, shorter-term options exhibit higher gamma.

As time to maturity t approaches zero, an at-the-money call or put has gamma approaching infinity (delta becomes a step function). This can be demonstrated using the gamma formula for a European call/put with no dividend:

$$\Gamma = \frac{N'(d_1)}{S \sigma \sqrt{T}}.$$ 

When S = K, we have:

$$d_1 = \lim_{T \to 0} \frac{\ln(S/K) + (r - y + \sigma^2/2)T}{\sigma \sqrt{T}} = \lim_{T \to 0} \frac{(r - y + \sigma^2/2)T}{\sigma \sqrt{T}} = 0.$$ 

Thus, the numerator of gamma, N'(d₁), approaches N'(0) = 1/√(2π), while the denominator Sσ√T approaches zero. Hence, gamma tends to infinity. In practical terms, as t → T, delta becomes highly sensitive to small changes in S, making hedging at-the-money options particularly challenging near expiration.

Valid Answers: Gamma approaches infinity for at-the-money options as maturity nears.",green_book,2026-05-03 19:57:31.564064+00,Consider how the delta of an at-the-money option changes as expiration approaches. Think about the sensitivity of delta to small movements in the underlying asset's price and what this implies for gamma.
104,Understanding Theta for Call Options,greeks,,"Consider a European call option with the following parameters: strike price $K = 100$, volatility $\sigma = 0.25$, risk-free rate $r = 0.05$, and time to maturity $T$. The spot price of the underlying asset varies along the x-axis in the provided diagram. 

A. Under what conditions does a European call option exhibit positive theta?
B. Suppose you establish a delta-neutral portfolio by taking a long position in a call option on GM stock and shorting GM shares. If GM's stock price changes immediately, how does the value of your portfolio respond? Is this an arbitrage opportunity? Assume GM pays no dividends.","A. The theta ($$) of an option measures its time decay. For European calls on non-dividend-paying assets, theta is typically negative because the option's value tends to decrease as expiration approaches. However, under specific conditions, theta can become positive:

1. For deep in-the-money European puts on non-dividend-paying assets, theta may be positive. The put's value can increase as time approaches maturity if the intrinsic value dominates, leading to $ = -\frac{S\sigma e^{-d_2^2/2}}{\sqrt{2\pi T}} + rKe^{-rT}N(-d_2) > 0$ when $S \ll K$. This explains why early exercise of deep in-the-money American puts can be optimal.

2. For deep in-the-money European calls with high dividend yields, theta can also turn positive. In such cases, the dividend component $ySe^{-yT}N(d_1)$ may outweigh the negative time decay, resulting in $ > 0$ when $S \gg K$ and $y$ is sufficiently large.

B. In a delta-neutral portfolio, the position's value is insensitive to small changes in the underlying asset's price due to the delta hedge. If GM's stock price changes immediately, the portfolio's value remains approximately unchanged because the gain/loss from the call option is offset by the loss/gain from the short stock position. This is not an arbitrage opportunity, as arbitrage requires risk-free profit without net investment, which is not the case here. The delta hedge maintains neutrality to first-order price movements.

Valid Answers: 
A. Deep in-the-money European puts on non-dividend-paying assets or deep in-the-money European calls with high dividend yields.
B. The portfolio value remains approximately unchanged; not an arbitrage opportunity.",green_book,2026-05-03 19:57:31.564064+00,"For part A, recall that theta measures time decay and is typically negative for calls. Consider scenarios where other factors (like dividends or moneyness) might dominate this decay. For part B, think about how delta neutrality is maintained and what that implies for small price movements."
105,Price Limits for a Bull Call Spread,option_strategies,,What are the minimum and maximum possible prices for a bull call spread?,"A bull call spread consists of two option positions: buying a call option $c_1$ with strike price $K_1$ and simultaneously selling a call option $c_2$ with a higher strike price $K_2$ (where $K_1 < K_2$). The net cash flow at initiation and expiration is shown below.

At expiration $T$:
- If $S_T \leq K_1$: Both options expire worthless. The total payoff is $0$.
- If $K_1 < S_T < K_2$: The long call is in the money ($S_T - K_1$), while the short call expires worthless ($0$). The total payoff is $S_T - K_1$.
- If $S_T \geq K_2$: Both options are in the money. The long call yields $S_T - K_1$, and the short call results in a loss of $S_T - K_2$. The total payoff is $(S_T - K_1) - (S_T - K_2) = K_2 - K_1$.

The initial cost of setting up the spread is $c_1 - c_2$, which is negative (since $c_1 < c_2$ due to the higher strike price of the short call). The maximum possible payoff at expiration is $K_2 - K_1$, so the present value of this payoff is discounted by $e^{-rT}$. Therefore, the price of the bull call spread must satisfy:

$$ c_1 - c_2 \geq -c_2 \geq -e^{-rT} (K_2 - K_1) $$ (since $c_1 \geq 0$)

and

$$ c_1 - c_2 \leq e^{-rT} (K_2 - K_1). $$

Thus, the price boundaries for the bull call spread are:

$$ -e^{-rT} (K_2 - K_1) \leq c_1 - c_2 \leq e^{-rT} (K_2 - K_1). $$

Valid Answers: $-e^{-rT} (K_2 - K_1) \leq c_1 - c_2 \leq e^{-rT} (K_2 - K_1)$",green_book,2026-05-03 19:57:31.564064+00,"Consider the payoff structure of the bull call spread at expiration and how it relates to the strikes of the two calls. Think about the extreme cases where the stock price is very low or very high, and how the initial cost of setting up the spread is bounded by these payoffs."
106,Understanding Straddles and Their Strategic Use,option_strategies,,Define a straddle and describe the market conditions under which an investor would choose to buy one.,"A straddle consists of simultaneously holding a long position in both a call option and a put option on the same underlying asset, where both options share the same strike price $K$ and expiration date $T$. The payoff for a long straddle is given by $|S_T - K|$, which captures the absolute difference between the stock price at expiration $S_T$ and the strike price. This structure makes a straddle particularly useful for speculating on significant price movements in the underlying asset. Additionally, it serves as a volatility trading strategy: if an investor anticipates that the realized volatility of the stock will exceed the implied volatility embedded in the option prices, purchasing a straddle becomes advantageous.

For instance, the value of an at-the-money call or put option is approximately proportional to volatility. When an investor buys an at-the-money straddle (where $K = S$), both the call and put options are priced based on the same implied volatility $\sigma_i$. If the realized volatility $\sigma_r$ later exceeds $\sigma_i$, both options are undervalued at the time of purchase. As market prices adjust to reflect the higher realized volatility, the value of both the call and put options will increase, yielding a profit.

It is important to note that while a straddle initially has a delta close to zero when the strike price equals the current stock price, this delta neutrality diminishes as the stock price deviates from $K$. Consequently, the investor becomes exposed to directional movements in the stock price. Therefore, a straddle is not a pure volatility bet. For a more precise exposure to volatility alone, instruments like volatility swaps or variance swaps are preferable. For example, a variance swap pays $N(\sigma_r^2 - K_{var})$, where $N$ is the notional amount, $\sigma_r^2$ is the realized variance, and $K_{var}$ is the strike price for variance.

Valid Answers: A straddle is a combination of a long call and a long put with the same strike and expiration, used to profit from large price movements or volatility increases. Investors buy straddles when they expect realized volatility to surpass implied volatility.",green_book,2026-05-03 19:57:31.564064+00,"Consider what happens when the price of the underlying asset moves significantly in either direction. Think about how the payoff of a call and a put option combine in such scenarios. Also, reflect on what the term 'volatility' implies about the expected magnitude of price changes."
107,Pricing and Hedging a Cash-or-Nothing Digital Call Option,option_pricing,,"Calculate the price of a European cash-or-nothing digital call option on a non-dividend-paying stock that follows geometric Brownian motion. Additionally, describe how you would hedge such an option and discuss the limitations of your hedging approach.","A cash-or-nothing digital call option pays a fixed amount of $1 at maturity if the underlying stock price exceeds the strike price $K$; otherwise, it pays nothing. For a non-dividend-paying stock following geometric Brownian motion, the price of this option is given by $c_8 = e^{-rT} N(d_2)$, where $N(\cdot)$ is the cumulative distribution function of the standard normal distribution. This formula arises because $N(d_2)$ represents the risk-neutral probability that the stock price will be above $K$ at maturity, and the term $e^{-rT}$ discounts this probability back to the present value.

To hedge a cash-or-nothing call option, one can use a delta-hedging strategy. The delta of the option, denoted as $\Delta = \frac{\partial c_8}{\partial S} = e^{-rT} N'(d_2) \frac{1}{\sigma S \sqrt{T}}$, indicates the sensitivity of the option price to changes in the stock price. A long position in the digital call can be hedged by shorting $e^{-rT} N'(d_2) \frac{1}{\sigma \sqrt{T}}$ shares of the underlying stock and adjusting the position in the risk-free money market account accordingly. This hedge performs adequately when the stock price is far from the strike price or when the time to maturity is not close to zero. However, as the option approaches maturity ($T \to 0$) and the stock price approaches the strike price ($S \approx K$), the delta $\Delta$ becomes extremely volatile. In such cases, even minor fluctuations in the stock price can lead to disproportionately large changes in the hedge ratio, making delta hedging impractical.

Another approach to hedging a digital call option is to approximate it using a bull spread constructed from two call options. Specifically, one can buy $\frac{1}{2\epsilon}$ call options with strike price $K - \epsilon$ and sell $\frac{1}{2\epsilon}$ call options with strike price $K + \epsilon$. If all strike prices are available and transaction costs are negligible, this strategy replicates the payoff of the digital call when the stock price at maturity is either below $K - \epsilon$ (both positions pay $0$) or above $K + \epsilon$ (both positions pay $1$). For stock prices between $K - \epsilon$ and $K + \epsilon$, the payoffs differ, but as $\epsilon \to 0$, the approximation becomes exact. However, this method has practical limitations: not all strike prices are typically traded in the market, and even if they were, the number of options required for an accurate hedge would be prohibitively large to maintain a small $\epsilon$.

Valid Answers: $c_8 = e^{-rT} N(d_2)$",green_book,2026-05-03 19:57:31.564064+00,Consider the risk-neutral valuation framework and how the payoff of the digital call depends on the probability of the stock price being above the strike at maturity. Think about how the option's value changes with the underlying stock price and what this implies for hedging.
108,Pricing an exchange call option between two non-dividend-paying stocks,option_pricing,,"Explain how to determine the price of an exchange call option that delivers a payoff of $\max(S_{T,1} - S_{T,2}, 0)$ at expiration. Assume both $S_1$ and $S_2$ are non-dividend-paying stocks following correlated geometric Brownian motions with correlation $\rho$.","The pricing of this exchange option relies on the change of numeraire technique. A numeraire is a positive asset used as a reference unit for pricing. While asset prices are typically quoted in local currency, modeling often benefits from selecting a different numeraire. Here, since the payoff depends on both $S_{T,1}$ and $S_{T,2}$, we can simplify the problem by choosing one of the stocks as the numeraire.

Let $S_1$ and $S_2$ follow the dynamics:
$$dS_1 = \mu_1 S_1 dt + \sigma_1 S_1 dW_1,$$
$$dS_2 = \mu_2 S_2 dt + \sigma_2 S_2 dW_2,$$
with $\mathbb{E}[dW_1 dW_2] = \rho dt$. The payoff $\max(S_{T,1} - S_{T,2}, 0)$ can be rewritten as $S_{T,1} \max\left(\frac{S_{T,2}}{S_{T,1}} - 1, 0\right)$. By selecting $S_1$ as the numeraire, we define $f = \frac{S_2}{S_1}$, which represents the relative price of $S_2$ in terms of $S_1$. Applying Itô's lemma to $f$ yields:
$$df = \left(\mu_2 - \mu_1 + \sigma_1^2 - \rho \sigma_1 \sigma_2\right) f dt + \sigma_2 f dW_2 - \sigma_1 f dW_1.$$To ensure $f$ is a martingale under the new measure, we set the drift term to zero:
$$
\mu_2 - \mu_1 + \sigma_1^2 - \rho \sigma_1 \sigma_2 = 0,
$$
which defines the equivalent martingale measure $Q$ with $S_1$ as the numeraire. Under this measure, the discounted price of $S_2$ relative to $S_1$ follows a martingale.

The exchange option's value, expressed in units of $S_1$, is equivalent to a call option on $f$ with strike $K = 1$, risk-free rate $r = 0$, and volatility $\sigma = \sqrt{\sigma_2^2 + \sigma_1^2 - 2\rho \sigma_1 \sigma_2}$. The Black-Scholes formula for this call option is:
$$C = S_1 \left[N(d_1) - N(d_2)\right],$$
where
$$d_1 = \frac{\ln\left(\frac{S_2}{S_1}\right) + \frac{1}{2} \sigma^2 T}{\sigma \sqrt{T}}, 
\quad d_2 = d_1 - \sigma \sqrt{T}.$$Thus, the price of the exchange call option in local currency is $S_1 C = S_2 N(d_1) - S_1 N(d_2)$.

Valid Answers: $S_2 N(d_1) - S_1 N(d_2)$",green_book,2026-05-03 19:57:31.564064+00,"Consider how the payoff $\max(S_{T,1} - S_{T,2}, 0)$ can be rewritten to simplify the problem. Think about expressing the option in terms of the ratio of the two stock prices and how this might relate to a standard call option pricing framework."
109,Minimizing Portfolio Risk with Two Stocks,portfolio_theory,,"You are building a two-stock portfolio using Stock A and Stock B. Both stocks offer the same expected return of 12%. Stock A has a return standard deviation of 20%, while Stock B’s return standard deviation is 30%. The correlation between their returns is 0.5. Determine the optimal allocation between these two stocks to achieve the lowest possible portfolio risk.","Mean-variance portfolio optimization, pioneered by Harry Markowitz, is a foundational framework for constructing portfolios. It assumes investors prefer (1) higher expected returns for a given level of risk and (2) lower risk for a given level of expected return. Portfolios that achieve the minimum variance for a specified expected return are called efficient portfolios.

For a portfolio with N assets, the expected return and variance are given by:

$$\mu_P = \sum_{i=1}^{N} w_i \mu_i = w^T \mu$$

$$\sigma_P^2 = \sum_{i=1}^{N} \sum_{j=1}^{N} w_i w_j \sigma_i \sigma_j \rho_{ij} = w^T \Sigma w$$

where:
- $w_i$ is the weight of asset $i$,
- $\mu_i$ is the expected return of asset $i$,
- $\sigma_i$ is the standard deviation of asset $i$,
- $\rho_{ij}$ is the correlation between assets $i$ and $j$,
- $\Sigma$ is the covariance matrix of asset returns.

The efficient portfolio is found by solving the optimization problem:

$$\min_w w^T \Sigma w \quad \text{subject to} \quad w^T \mu = \mu_P, \quad w^T \mathbf{1} = 1$$

In this problem, both stocks have an expected return of 12%, so $\mu_P = 12\%$ regardless of the allocation. The portfolio variance simplifies to:

$$\sigma_P^2 = (0.20)^2 w_A^2 + (0.30)^2 w_B^2 + 2 \cdot 0.5 \cdot 0.20 \cdot 0.30 \cdot w_A w_B$$

Since $w_B = 1 - w_A$, substitute into the variance formula:

$$\sigma_P^2 = 0.04 w_A^2 + 0.09 (1 - w_A)^2 + 0.06 w_A (1 - w_A)$$

To minimize the variance, take the derivative with respect to $w_A$ and set it to zero:

$$\frac{d \sigma_P^2}{d w_A} = 0.08 w_A - 0.18 (1 - w_A) + 0.06 (1 - 2 w_A) = 0$$

Solving this equation yields $w_A = \frac{6}{7}$ and $w_B = \frac{1}{7}$.

Thus, the minimum-risk portfolio allocates $\frac{6}{7}$ of the capital to Stock A and $\frac{1}{7}$ to Stock B.

Valid Answers: Stock A: 6/7, Stock B: 1/7",green_book,2026-05-03 19:57:31.564064+00,"Focus on the formula for portfolio variance, which combines the variances of the individual stocks and their covariance. Since the expected returns are identical, the optimal weights will depend solely on minimizing this combined risk measure."
110,Limitations of Value at Risk for Derivatives Risk Assessment,portfolio_theory,,Define Value at Risk (VaR) and explain why it may be an inadequate metric for assessing the risk of derivatives positions.,"Value at Risk (VaR) is a widely used risk management tool that quantifies the maximum expected loss over a specified time horizon at a given confidence level. Formally, for a confidence level $a \in (0,1)$, VaR is defined implicitly by the equation $a = \int_{-\infty}^{\text{VaR}} f(x) \, dx$, where $x$ represents the dollar profit or loss and $f(x)$ is its probability density function. In practice, confidence levels such as 95% or 99% are commonly selected. VaR is popular because it condenses complex risk exposures into a single dollar figure.

However, VaR has significant limitations, particularly when applied to derivatives. As a percentile-based measure, it focuses solely on the threshold at the $a$-th percentile of the profit/loss distribution without considering the shape or severity of losses beyond that point. This makes VaR insensitive to extreme tail events, which are critical for derivatives with non-normal profit/loss distributions. For example, consider a short position in a credit default swap referencing a bond with a $1 million notional value, a 3% default probability, and 100% loss given default. At a 95% confidence level, VaR would be $0 because the default probability is below the threshold, despite the substantial underlying risk.

Additionally, VaR fails to satisfy the property of sub-additivity, a key requirement for coherent risk measures. A risk measure $p(X)$ is coherent if it satisfies:
1. $p(X + Y) \leq p(X) + p(Y)$ (sub-additivity),
2. $p(aX) = a p(X)$ for $a > 0$ (positive homogeneity),
3. $p(X) \leq p(Y)$ if $X \leq Y$ (monotonicity),
4. $p(X + a) = p(X) - a$ for any constant $a$ (translation invariance).

VaR violates sub-additivity, meaning the risk of a combined portfolio can exceed the sum of individual VaRs. For instance, if two independent credit default swaps each with a $1 million notional and 3% default probability are combined, the probability of at least one default rises to $1 - (0.97)^2 = 5.91%$. At a 95% confidence level, the portfolio VaR becomes $1 million, while the sum of individual VaRs is $0. This contradicts the principle that diversification should reduce risk, highlighting a fundamental theoretical flaw in using VaR for derivatives risk assessment.

Valid Answers: VaR is a percentile-based measure of maximum expected loss over a horizon at a given confidence level; it does not account for tail risk beyond the percentile and fails sub-additivity, making it inadequate for derivatives risk assessment.",green_book,2026-05-03 19:57:31.564064+00,"Consider how VaR focuses only on a specific percentile of the loss distribution and what it ignores about the shape of that distribution. Think about whether this approach captures the full risk profile of derivatives, especially those with skewed or fat-tailed outcomes."
111,Pricing and Duration of an Inverse Floater,fixed_income,,"Calculate the price and duration of an inverse floater with a face value of $100, an annual coupon rate of 30% - 3r, and a maturity of 5 years. Assume semiannual coupon payments and a flat yield curve at 7.5%.","To solve this problem, we use cash flow replication. An inverse floater's cash flows can be replicated by constructing a portfolio of standard bonds. Specifically, we short 3 floating-rate bonds (each worth $100) and long 4 fixed-rate bonds (each worth $100) with a 7.5% annual coupon rate. The floating-rate bonds adjust their coupon semiannually based on the prevailing rate at the time of adjustment.

The cash flows for each component and the total portfolio are as follows:

| Cash Flow                     | Year 0   | Year 0.5       | ... | Year 4.5       | Year 5         |
|-------------------------------|----------|----------------|-----|----------------|----------------|
| Short 3 floating-rate bonds   | 300      | -150r₀         | ... | -300 - 150r₄.₅| -300 - 150r₅  |
| Long 4 fixed-rate bonds        | -400     | 15             | ... | 15             | 400 + 15       |
| **Total**                     | **-100** | **15 - 150r₀**| ... | **30 - 300r₄.₅**| **415 - 300r₅**|

Since the total cash flows match those of the inverse floater, its price equals the portfolio's price: $P_{	ext{inverse}} = $100$.

Next, we calculate the dollar duration of the inverse floater, which equals the dollar duration of the replicating portfolio:
$$$D_{	ext{inverse}} = 4 	imes D_{	ext{fixed}} - 3 	imes D_{	ext{floating}}.$$$

Given the flat yield curve, $r₀ = 7.5%$. The floating-rate bond is worth $103.75 immediately after the coupon payment at Year 0.5 (since the next coupon is reset to the new rate). Its dollar duration is:
$$$	ext{\$}D_{	ext{floating}} = -rac{d(103.75 / (1 + y/2))}{dy} = rac{103.75 	imes 0.5}{(1 + y/2)^2} = 48.19.$$$

For the fixed-rate bond, its price is:
$$$P = rac{c/2}{(1 + y/2)^1} + rac{c/2}{(1 + y/2)^2} + rac{100 + c/2}{(1 + y/2)^{2T}},$$$
where $c = 7.5%$, $T = 5$, and $y = 7.5%$. Its dollar duration is:
$$$	ext{\$}D_{	ext{fixed}} = rac{1 + y/2}{P} 	imes rac{c/2}{(1 + y/2)^2} 	imes rac{1 - (1 + y/2)^{-2T}}{y/2} + rac{100 	imes T}{(1 + y/2)^{2T}} = 410.64.$$$

Thus, the dollar duration of the inverse floater is:
$$$	ext{\$}D_{	ext{inverse}} = 4 	imes 410.64 - 3 	imes 48.19 = 1498.$$$

Finally, the duration of the inverse floater is:
$$$D_{	ext{inverse}} = rac{	ext{\$}D_{	ext{inverse}}}{P_{	ext{inverse}}} = rac{1498}{100} = 14.98.$$$

Valid Answers: Price = 100, Duration = 14.98",green_book,2026-05-03 19:57:31.564064+00,"Consider how the cash flows of an inverse floater relate to standard bonds. Think about replicating its cash flows using a combination of fixed and floating-rate bonds, and how their durations interact to determine the overall duration of the inverse floater."
112,Comparing Futures and Forwards Under Stochastic Interest Rates,fixed_income,,"How do futures and forward contracts differ? When the underlying asset's price is strongly positively correlated with interest rates and rates follow a stochastic process, which contract type commands a higher price: futures or forwards? Explain your reasoning.","Futures contracts are standardized agreements traded on exchanges, whereas forward contracts are customized, over-the-counter arrangements offering greater flexibility. Futures are subject to daily mark-to-market adjustments, while forwards settle only at the contract's maturity.

Under deterministic interest rates, futures and forwards share the same theoretical price, given by $F = S e^{(r + u - y)T}$, where $u$ denotes storage costs, $y$ represents dividend yield for investment assets, convenience yield for commodities, or foreign risk-free rate for foreign currencies.

The mark-to-market feature of futures introduces divergence from forwards when interest rates fluctuate unpredictably. Over longer contract durations, these differences can become substantial. When the futures price is positively correlated with interest rates, price increases coincide with periods of high interest rates. For a long futures position, this results in immediate profits that can be reinvested at higher rates. Conversely, losses occur during low-rate periods, enabling financing at lower costs. Thus, a futures contract holds greater value than a forward under positive correlation between futures price and interest rates, leading to a higher futures price.

Valid Answers: Futures",green_book,2026-05-03 19:57:31.564064+00,Consider how the daily settlement feature of futures contracts interacts with the correlation between the underlying asset's price and interest rates. Think about the timing of cash flows and the opportunity to reinvest profits or finance losses at varying rates.
113,Overview of Key Interest Rate Modeling Approaches,fixed_income,,Describe the fundamental types of interest rate models and highlight their distinguishing characteristics.,"Interest rate models are typically divided into two broad classes: short-rate models and forward-rate models. Short-rate models represent the instantaneous interest rate $R(t)$ as a stochastic process, while forward-rate models (such as the one- or two-factor Heath-Jarrow-Morton framework) describe the evolution of the entire forward rate curve. Another way to categorize these models is by their treatment of market data: arbitrage-free models are calibrated to the existing term structure derived from liquid bond prices and are constructed to avoid arbitrage opportunities, whereas equilibrium models are not required to match the current term structure.

Among the simplest short-rate models are the Vasicek, Cox-Ingersoll-Ross (CIR), Ho-Lee, and Hull-White models.

Equilibrium short-rate models:

Vasicek model:
$$dR(t) = a(b - R(t))dt + \sigma dW(t)$$.

In this model, the drift term $a(b - R(t))$ pulls the short rate $R(t)$ toward its long-term mean $b$. If $R(t) > b$, the drift is negative; if $R(t) < b$, the drift is positive. This mean-reverting behavior is a key feature. However, because the volatility $\sigma$ is constant, the model allows for the possibility of negative interest rates, which is economically unrealistic.

Cox-Ingersoll-Ross model:
$$dR(t) = a(b - R(t))dt + \sigma \sqrt{R(t)} dW(t)$$.

The CIR model retains the mean-reverting property of the Vasicek model but replaces the constant volatility with a square-root term $\sqrt{R(t)}$, ensuring that the short rate remains positive at all times.

No-arbitrage short-rate models:

Ho-Lee model:
$$dr = B(t)dt + \sigma dz$$.

The Ho-Lee model is the most basic no-arbitrage short-rate model, where $B(t)$ is a time-dependent drift chosen so that the model reproduces the current yield curve exactly.

Hull-White model:
$$dR(t) = a(b(t) - R(t))dt + \sigma dW(t)$$.

The Hull-White model extends the Vasicek framework by allowing the long-term mean $b(t)$ to vary deterministically with time, enabling the model to fit the current term structure precisely.",green_book,2026-05-03 19:57:31.564064+00,Focus on the core distinction between how models handle the term structure of interest rates. Consider whether the model is designed to match current market data or derive rates from theoretical equilibrium principles.
114,Extracting Unique Elements from a Sorted Array,algorithms,,"Given a sorted array, write code to return a new array containing only the unique elements. For instance, if the input array is [1, 1, 3, 3, 3, 5, 5, 5, 9, 9, 9, 9], the output should be [1, 3, 5, 9].","Since the array is sorted, any element that differs from its predecessor must be unique. We can iterate through the array and collect elements that are not equal to the previous one. Below is a C++ implementation of this approach:

template <class T>
vector<T> unique(T a[], int n) {
    vector<T> vec; // Vector to store unique elements
    vec.reserve(n); // Pre-allocate memory to avoid reallocation
    vec.push_back(a[0]); // The first element is always unique
    
    for (int i = 1; i < n; ++i) {
        if (a[i] != a[i - 1]) { // Check if current element is different from the previous
            vec.push_back(a[i]); // Add to the result if unique
        }
    }
    
    return vec;
}

This function initializes a vector with the first element of the array and then iterates through the remaining elements. For each element, it compares it with the previous one. If they are different, the element is added to the result vector. The `reserve` call optimizes performance by pre-allocating memory.

Valid Answers: [1, 3, 5, 9]",green_book,2026-05-03 19:57:31.564064+00,"Since the array is sorted, duplicates will always be adjacent. Think about how you can leverage this property to efficiently identify unique elements without needing additional data structures."
115,Efficient Polynomial Evaluation and Moving Average Calculation,algorithms,,Design an algorithm to compute the value of a polynomial y = A₀ + A₁x + A₂x² + A₃x³ + ... + Aₙxⁿ.,"A straightforward method would evaluate each term of the polynomial separately and sum them, requiring O(n²) multiplications. Instead, Horner's method reduces this to O(n) multiplications by rewriting the polynomial as y = (...((Aₙx + Aₙ₋₁)x + Aₙ₋₂)x + ... + A₁)x + A₀. The algorithm proceeds sequentially: compute Bₙ = Aₙ, Bₙ₋₁ = Bₙx + Aₙ₋₁, ..., B₀ = B₁x + A₀, yielding y = B₀ with at most n multiplications.

Moving average:
Given a large array A of length m, construct an array B where each element Bᵢ represents the n-element moving average of A. Specifically, for i < n, Bᵢ = (A₀ + A₁ + ... + Aᵢ)/n. For i ≥ n, Bᵢ = (Aᵢ₋ₙ₊₁ + Aᵢ₋ₙ₊₂ + ... + Aᵢ)/n.",green_book,2026-05-03 19:57:31.564064+00,"For the polynomial evaluation, think about how you can reduce the number of multiplications by restructuring the computation. For the moving average, consider how you can reuse computations from previous steps to avoid recalculating the sum from scratch each time."
116,Efficient computation of n-element moving averages,algorithms,,"Design an efficient algorithm that takes an array A of length m and produces a new array B where each element B_i represents the n-element moving average of A. Specifically, for indices i < n, B_i = (A_1 + A_2 + ... + A_i) / i, and for indices i ≥ n, B_i = (A_{i-n+1} + A_{i-n+2} + ... + A_i) / n.","To compute the moving average efficiently, we leverage the fact that the sum for the next window can be derived from the previous window's sum. Start by calculating the sum of the first n elements to get the initial moving average. For each subsequent element, subtract the element that is sliding out of the window and add the new element that is entering the window. Divide this updated sum by n to obtain the new moving average. The algorithm proceeds as follows:

Initialize the sum S with the first n elements of A and compute B[n] = S / n.
For each index i from n+1 to m:
  Update S by subtracting A[i-n] and adding A[i].
  Compute B[i] = S / n.

Pseudocode for this approach is:
S = A[1] + ... + A[n]; B[n] = S / n;
for (i = n + 1 to m) {
  S = S - A[i - n] + A[i];
  B[i] = S / n;
}

Valid Answers: O(m) time complexity",green_book,2026-05-03 19:57:31.564064+00,Think about how the sum for the next window relates to the sum of the current window. Can you update the sum in constant time by adjusting it with the outgoing and incoming elements rather than recalculating it from scratch?
117,Overview and Complexity Analysis of Three Sorting Algorithms,algorithms,,"Describe three sorting algorithms that can arrange n distinct elements A₁, A₂, ..., Aₙ in ascending order, and provide the time complexity analysis for each algorithm.","Sorting is a key operation in many computational tasks, and numerous algorithms have been designed to meet different performance requirements. Below, we analyze three widely used sorting algorithms—insertion sort, merge sort, and quicksort—focusing on their mechanisms and time complexity.


Insertion sort: This algorithm builds the sorted array one element at a time. It assumes that the subarray A[1 … i−1] is already sorted and inserts the next element Aᵢ into its correct position within this subarray, resulting in a sorted subarray A[1 … i]. Starting with i = 1 and incrementing i up to n, the entire array becomes sorted. For each insertion, the average number of comparisons is approximately i/2, and the worst-case number of comparisons is i. Summing over all elements, the average-case time complexity is A(n) = Σᵢ₌₁ⁿ (i/2) = O(n²), and the worst-case time complexity is W(n) = Σᵢ₌₁ⁿ i = O(n²).


Merge sort: This algorithm employs a divide-and-conquer strategy. It recursively splits the array into two halves until each subarray contains a single element. It then merges these sorted subarrays back together in a way that maintains the sorted order. The merge operation combines two sorted arrays of size n/2 into one sorted array and requires Θ(n) primitive operations. The recurrence relation for the running time T(n) is:


T(n) = { 2T(n/2) + Θ(n), if n > 1
         { 1,                if n = 1


Applying the master theorem with a = 2, b = 2, and f(n) = Θ(n), we find that f(n) = Θ(nᵇᵃᵇ logₐ n) = Θ(n log n). Therefore, T(n) = Θ(n log n). For merge sort, both the average-case and worst-case time complexities are Θ(n log n).


Quicksort: This is another divide-and-conquer algorithm. It selects a pivot element Aᵢ and partitions the remaining elements into two subarrays: one containing elements smaller than the pivot and the other containing elements larger than the pivot. The algorithm then recursively sorts these subarrays. In the worst case, quicksort performs as poorly as insertion sort. For example, if the pivot is always chosen as the first element and the input array is already sorted, one subarray will be empty and the other will contain n−1 elements. This leads to the recurrence W(n) = Σᵢ₌₁ⁿ (n−1) = O(n²).


Valid Answers: O(n²) for insertion sort (average and worst), Θ(n log n) for merge sort (average and worst), O(n²) for quicksort (worst-case)",green_book,2026-05-03 19:57:31.564064+00,"Consider how each algorithm processes the input array differently—some build the solution incrementally, while others divide the problem into smaller subproblems. Think about the operations involved (e.g., comparisons, swaps, or recursive splits) and how their frequency scales with the input size."
118,Generating a uniformly random permutation of a deck,algorithms,,"A. Suppose you have access to a random number generator capable of producing numbers from either discrete or continuous uniform distributions. Describe a method to shuffle a standard 52-card deck so that every possible ordering of the cards is equally probable.

B. You are given a file whose contents can only be read sequentially and whose total size is unknown in advance. Propose a technique to select a single character from this file such that every character in the file has an equal chance of being chosen.","A. One straightforward approach is the random-permutation-by-sorting method. Assign an independent random number to each card, then sort the cards by these random values. Because the random numbers are independent and identically distributed, every one of the 52! possible orderings is equally likely. The time complexity is dominated by the sorting step, giving E>(n log n). For n = 52 this is acceptable, but for very large n a more efficient algorithm is the Knuth shuffle. Given an array A[1…n], the Knuth shuffle proceeds as follows:
for i from 1 to n
  j ← Random(i, n)
  swap(A[i], A[j])
where Random(i, n) returns an integer uniformly at random between i and n inclusive. This algorithm runs in E>(n) time and ensures that at step i each of the remaining n − i + 1 cards has an equal chance of landing in position i, so every permutation occurs with probability 1/n!.

B. Use reservoir sampling with a reservoir size of 1. Initialize a variable to hold the selected character and a counter k = 1. Read the file sequentially. For the k-th character, replace the stored character with probability 1/k. After processing the entire file, the stored character is a uniformly random selection from all characters seen so far.

Valid Answers: A. random-permutation-by-sorting or Knuth shuffle; B. reservoir sampling with k = 1",green_book,2026-05-03 19:57:31.564064+00,"Consider assigning a unique random value to each card and then ordering the deck based on these values. Alternatively, think about iteratively placing each card in a random position among the remaining unshuffled cards."
119,Finding Min and Max with Limited Comparisons,algorithms,,"A. Construct an algorithm that determines both the smallest and largest values in a set of n numbers while using no more than 3n/2 comparisons.

B. Given an array where all elements from the start up to a certain index are zero and all subsequent elements are nonzero, how can you locate the position of the first nonzero element if the array size is unknown?","A. To find both the minimum and maximum in an unsorted array of n numbers with at most 3n/2 comparisons, we can proceed as follows:

1. Split the array into n/2 pairs. For each pair, compare the two elements and place the smaller one in group A and the larger one in group B. This step requires n/2 comparisons.
2. The overall minimum must be in group A, and the overall maximum must be in group B. To find the minimum in group A, we perform n/2 - 1 comparisons. Similarly, to find the maximum in group B, we perform n/2 - 1 comparisons.
3. The total number of comparisons is n/2 (for pairing) + (n/2 - 1) (for finding min in A) + (n/2 - 1) (for finding max in B) = 3n/2 - 2, which is within the 3n/2 limit.

B. To find the position of the first nonzero element in an array of unknown size where all elements before it are zero and all after are nonzero:

1. Start at index 0 and check if the element is zero.
2. If it is zero, increment the index and repeat the check.
3. Stop when a nonzero element is encountered; the current index is the position of the first nonzero element.

Valid Answers: A. Pairwise comparison method with 3n/2 comparisons; B. Linear scan until first nonzero element is found",green_book,2026-05-03 19:57:31.564064+00,"For part A, consider processing elements in pairs rather than individually to reduce the total number of comparisons. Think about how comparing two elements at once can help you narrow down candidates for both the minimum and maximum simultaneously. For part B, focus on the fact that the array is sorted in a specific way (all zeros followed by all nonzeros) and that the array size is unknown—how can you efficiently traverse it without knowing its bounds?"
120,Efficiently locating the maximum-sum contiguous subarray,algorithms,,"Given a one-dimensional array A of length n containing both positive and negative integers, write an algorithm to find the contiguous subarray A[i..j] with the largest possible sum. The sum of the subarray A[i..j] is defined as V(i,j) = Σ_{x=i}^j A[x].","This algorithm is frequently used in trading systems to compute metrics like maximum run-up or drawdown, making it a common interview topic in quantitative finance contexts.

A straightforward O(n²) approach computes each V(i,j) from scratch using the recurrence:
- V(i,i) = A[i] when i = j
- V(i,j) = V(i,j-1) + A[j] when i < j
During these computations, the algorithm tracks the maximum V(i,j) encountered along with its indices i and j.

A more efficient O(n) solution leverages prefix sums. Define the prefix sum array T where T(k) = Σ_{x=1}^k A[x] with T(0) = 0. Then V(i,j) = T(j) - T(i-1). For any fixed j, maximizing V(i,j) is equivalent to minimizing T(i-1). Thus, the maximum subarray ending at j is Vmax = T(j) - Tmin, where Tmin = min(T(0), T(1), ..., T(j-1)). By maintaining running values of T, Vmax, and Tmin as we iterate through the array, we can compute the solution in linear time.

The following C++ implementation returns the maximum sum Vmax along with the subarray indices i and j:
```cpp
double maxSubarray(double A[], int len, int &i, int &j) {
    double T = A[0], Vmax = A[0];
    double Tmin = std::min(0.0, T);
    i = 0; j = 0;

    for (int k = 1; k < len; ++k) {
        T += A[k];
        if (T - Tmin > Vmax) {
            Vmax = T - Tmin;
            j = k;
        }
        if (T < Tmin) {
            Tmin = T;
            i = (k + 1 < j) ? (k + 1) : j;
        }
    }
    return Vmax;
}
```

Applying this to the array A = {1.0, 2.0, -5.0, 4.0, -3.0, 2.0, 6.0, -5.0, -1.0} yields Vmax = 9.0 with i = 3 and j = 6, corresponding to the subarray [4.0, -3.0, 2.0, 6.0].",green_book,2026-05-03 19:57:31.564064+00,"Consider tracking cumulative sums as you iterate through the array. Think about how the difference between two cumulative sums can represent the sum of a subarray, and how minimizing one of these sums could help maximize the result."
121,Checking if a Number is a Power of Two,algorithms,,What method can be used to verify if a given integer is a power of two?,"An integer x that equals 2ⁿ (where n ≥ 0) has exactly one bit set to 1 in its binary representation, specifically the (n + 1)th bit from the right. For instance, 8 (which is 2³) is represented in binary as 0…01000. Similarly, 2ⁿ - 1 will have all n least significant bits set to 1, such as 7 (2³ - 1) represented as 0…00111. Since 2ⁿ and 2ⁿ - 1 do not share any common set bits, performing a bitwise AND operation between x and (x - 1) yields 0. Therefore, the condition x & (x - 1) == 0 can be used to determine if x is a power of two.

Valid Answers: x & (x - 1) == 0",green_book,2026-05-03 19:57:31.564064+00,Consider the binary representation of powers of two and how they differ from other numbers. Think about the unique property of their binary form that could be leveraged for a simple check.
122,Efficient Integer Multiplication by 7 Without Using the * Operator,algorithms,,Describe a method to multiply an integer by 7 without employing the multiplication (*) operator.,"The expression $(x \ll 3) - x$ achieves this, where $\ll$ denotes the left bit-shift operator. The left shift by 3 positions multiplies $x$ by $8$ (since $x \ll 3 = x \cdot 2^3 = 8x$). Subtracting the original $x$ from this result yields $8x - x = 7x$.

Valid Answers: $(x \ll 3) - x$

Note: The result may be incorrect if the left shift operation causes an integer overflow.",green_book,2026-05-03 19:57:31.564064+00,"Think about how multiplication can be broken down into simpler operations using addition or bit manipulation. Specifically, consider how powers of 2 relate to multiplication and how you might combine them to achieve the desired result."
123,Designing a Probability Game with a Fair Coin,algorithms,,"Given a fair coin, is it possible to create a straightforward game where your chance of winning is exactly p, for any p strictly between 0 and 1? Assume the result must be simulated using the fair coin without overflow issues.","The solution hinges on expressing p as a binary fraction and simulating each binary digit using coin tosses. Since p ∈ (0, 1), it can be written as:

$$ p = 0.p_1p_2 \cdots p_n = \sum_{i=1}^n p_i 2^{-i}, \quad p_i \in \{0, 1\}. $$

To simulate this, flip the fair coin repeatedly, interpreting heads as 1 and tails as 0. Let s_i denote the outcome of the i-th flip. After each flip, compare s_i with p_i:

- If s_i < p_i, you win immediately.
- If s_i > p_i, you lose immediately.
- If s_i = p_i, continue flipping.

For values of p with an infinite binary expansion (e.g., 1/3), the probability of eventually reaching s_i ≠ p_i approaches 1 as i increases. For finite expansions (e.g., 1/4 = 0.01), if the final comparison yields s_n = p_n, you lose (e.g., for 1/4, only the sequence 00 results in a win; all other sequences 01, 10, and 11 result in a loss). This method guarantees a winning probability of exactly p.

Valid Answers: Yes


Poisonous wine
You've got 1000 bottles of wines for a birthday party. Twenty hours before the party,
the winery sent you an urgent message that one bottle of wine was poisoned. You
happen to have 10 lab mice that can be used to test whether a bottle of wine is poisonous.
The poison is so strong that any amount will kill a mouse in exactly 18 hours. But before
the death on the 18th hour, there are no other symptoms. Is there a sure way that you can
find the poisoned bottle using the 10 mice before the party?",green_book,2026-05-03 19:57:31.564064+00,"Think about how you can represent any probability p as a sequence of binary digits. Consider using repeated coin flips to simulate these digits one by one, and think about how to map the outcomes to a win or loss condition based on the binary representation of p."
124,Identifying the Poisoned Wine Bottle with Limited Time,algorithms,,"You are preparing for a birthday party with 1000 bottles of wine. However, 20 hours before the event, you receive a critical update: one bottle among them is contaminated with a lethal poison. You have access to 10 lab mice for testing. The poison acts instantaneously, killing any mouse that consumes it in exactly 18 hours, with no prior symptoms. Given that you only have 20 hours until the party, is there a guaranteed method to identify the contaminated bottle using the 10 mice before the celebration begins?","The problem resembles a binary search scenario, where 10 mice could theoretically identify the poisoned bottle among up to 1024 bottles if testing were sequential. However, the 18-hour delay for symptoms to appear complicates sequential testing within the 20-hour window. Despite this, the binary search concept can still be applied through a bitwise approach.

Each bottle can be uniquely represented by a 10-bit binary number, since 2^10 = 1024 covers all bottles from 1 to 1000. For instance, bottle 1000 corresponds to the binary representation 1111101000, as 1000 = 2^9 + 2^8 + 2^7 + 2^6 + 2^5 + 2^3.

Assign each mouse to test a specific bit position: Mouse 1 tests all bottles where the least significant bit (rightmost) is 1, Mouse 2 tests bottles where the second bit is 1, and so on, up to Mouse 10, which tests bottles where the most significant bit (leftmost) is 1. After 18 hours, observe which mice have died. A dead mouse indicates that the corresponding bit in the poisoned bottle's binary representation is 1, while a surviving mouse indicates a 0.

For example, if Mice 6, 7, and 9 die while the rest survive, the binary sequence reads 0101100000 from highest to lowest bit. Converting this back to decimal gives the poisoned bottle's label: 2^8 + 2^6 + 2^5 = 256 + 64 + 32 = 352.

Valid Answers: Yes, the poisoned bottle can be identified using this method.",green_book,2026-05-03 19:57:31.564064+00,"Consider how binary representation could help encode information about the bottles. Think about assigning each mouse to test a specific 'bit' in a 10-bit system, where each bottle's identity is uniquely determined by its binary digits."
125,Pricing a European Call Option via Monte Carlo Simulation,algorithms,Numerical Methods,"A. Describe the procedure to price a European call option using Monte Carlo simulation.

B. Suppose your computer generates only uniformly distributed random numbers between 0 and 1. How would you produce normally distributed random variables with mean μ and variance σ²?","A. To price a European call option using Monte Carlo simulation, we proceed as follows:

1. Model the underlying stock price dynamics under the risk-neutral measure as geometric Brownian motion. The stock price at time t is given by
   $$S_t = S_{t-1} 	ext{exp}\left(\left(r - \frac{1}{2}\sigma^2\right)\Delta t + \sigma \sqrt{\Delta t} \, Z_t\right),$$
   where Δt is the time step, r is the risk-free rate, σ is the volatility, and Z_t are independent and identically distributed standard normal random variables.

2. Simulate M independent price paths from the current time to the option’s maturity T. For a European option, a single time step (N=1) suffices, but for path-dependent payoffs, use many small steps.

3. For each simulated path ending at price S_{T,k} (k = 1, 2, …, M), compute the payoff max(S_{T,k} − K, 0), where K is the strike price.

4. Discount each payoff back to the present using the risk-free rate:
   $$C = e^{-r(T-t)} \frac{1}{M} \sum_{k=1}^M \max(S_{T,k} - K, 0).$$

5. The resulting value C is the Monte Carlo estimate of the European call price.

B. To generate normally distributed random variables N(μ, σ²) from uniform [0,1] variates, apply the inverse transform method:

1. Generate a uniform random variable U on [0,1].
2. Compute Z = Φ⁻¹(U), where Φ⁻¹ is the inverse of the standard normal cumulative distribution function.
3. Transform Z to the desired distribution by X = μ + σ Z.

This yields a random variable X ~ N(μ, σ²).

Valid Answers: (A) Monte Carlo estimate via discounted average of simulated payoffs; (B) inverse transform sampling using Φ⁻¹",green_book,2026-05-03 19:57:31.564064+00,"For part A, think about how to simulate the stock price paths under the risk-neutral measure and how to compute the option payoff for each path. For part B, recall that you can transform uniform random variables into any desired distribution using the inverse of the cumulative distribution function (CDF)."
126,Overview of Finite Difference Methods in Derivative Pricing,algorithms,.,"The finite difference method is a widely used numerical approach for pricing derivatives. It approximates the solution to a differential equation by discretizing both time and the underlying asset's price. Starting from the Black-Scholes-Merton equation—a second-order nonlinear PDE—we can transform it into a heat diffusion equation (as discussed in Chapter 6). This transformed equation, expressed in terms of $r$ (time to maturity) and $x$ (a transformed function of the underlying price), serves as a general PDE for derivatives. The specific derivative being priced is determined by the boundary conditions. By constructing a grid over $x$ and $r$ and applying these boundary conditions, we can iteratively compute $u$ at each grid point using finite difference techniques.

A. Can you briefly explain finite difference methods?","Finite difference methods encompass several variants, including the explicit method, implicit method, and Crank-Nicolson method. As illustrated in Figure 7.2, we partition the interval $[0, T]$ for $r$ into $N$ equal segments with step size $\Delta r = T/N$ and the interval $[x_0, x_J]$ for $x$ into $J$ equal segments with step size $\Delta x = (x_J - x_0)/J$. This creates a discrete grid of points $(r_n, x_j)$ where $n = 1, \dots, N$ and $j = 1, \dots, J$.

The explicit finite difference method employs a forward difference in time at $r_n$ and a second-order central difference in space at $x_j$:
$$\frac{\partial u}{\partial r}\bigg|_{n,j} \approx \frac{u_{n+1,j} - u_{n,j}}{\Delta r}, \quad \frac{\partial^2 u}{\partial x^2}\bigg|_{n,j} \approx \frac{u_{n,j+1} - 2u_{n,j} + u_{n,j-1}}{(\Delta x)^2}.$$ 

Rearranging these approximations yields an expression for $u_{n+1,j}$ as a linear combination of $u_{n,j+1}$, $u_{n,j}$, and $u_{n,j-1}$:
$$u_{n+1,j} = a u_{n,j+1} + (1 - 2a) u_{n,j} + a u_{n,j-1}, \quad \text{where} \quad a = \frac{\Delta t}{(\Delta x)^2}.$$ 

Boundary conditions $u_{n,0}$ and $u_{n,J}$ for all $n = 1, \dots, N$ are applied to compute all $u_{n,j}$ values on the grid.

The implicit finite difference method uses a backward difference in time at $r_{n+1}$ and a second-order central difference in space at $x_j$:
$$\frac{\partial u}{\partial r}\bigg|_{n+1,j} \approx \frac{u_{n+1,j} - u_{n,j}}{\Delta r}.$$ 

The Crank-Nicolson method combines central differences in both time and space, evaluated at the midpoint $(r_n + r_{n+1})/2$:
$$\frac{\partial u}{\partial r}\bigg|_{n+1/2,j} \approx \frac{u_{n+1,j} - u_{n,j}}{\Delta r}, \quad \frac{\partial^2 u}{\partial x^2}\bigg|_{n+1/2,j} \approx \frac{1}{2} \left(\frac{u_{n+1,j+1} - 2u_{n+1,j} + u_{n+1,j-1}}{(\Delta x)^2} + \frac{u_{n,j+1} - 2u_{n,j} + u_{n,j-1}}{(\Delta x)^2}\right).$$

B. When solving a parabolic PDE with the explicit finite difference method, is it more problematic to have an excessive number of steps in the time dimension or in the space dimension?",green_book,2026-05-03 19:57:31.564064+00,Consider the stability and convergence properties of the explicit finite difference method. Think about how the choice of step sizes (Δt for time and Δx for space) affects the numerical solution's accuracy and whether one dimension's discretization can introduce instability or errors more easily than the other.
127,Probability of Two Bankers Meeting at the Station,distributions,Discrete and Continuous Distributions,Two bankers independently arrive at a station at a uniformly random time between 5:00 am and 6:00 am. Each banker stays for exactly five minutes before leaving. What is the probability that the two bankers will meet on a given day?,"Let banker A arrive $X$ minutes after 5:00 am and banker B arrive $Y$ minutes after 5:00 am. Both $X$ and $Y$ are independently and uniformly distributed between 0 and 60. Since each banker stays for exactly five minutes, they will meet if and only if the absolute difference between their arrival times is less than or equal to 5 minutes, i.e., $|X - Y| \leq 5$.

To compute this probability, consider the joint distribution of $X$ and $Y$ over the square $[0, 60] \times [0, 60]$. The condition $|X - Y| \leq 5$ defines a band around the line $X = Y$ with a width of 10 minutes (5 minutes on either side). The area outside this band consists of two right triangles, each with legs of length 55 (since $60 - 5 = 55$). The total area of these two triangles is $2 \times \frac{1}{2} \times 55 \times 55 = 55^2 = 3025$.

The area of the square is $60 \times 60 = 3600$. Therefore, the area of the band where $|X - Y| \leq 5$ is $3600 - 3025 = 575$. The probability of the bankers meeting is the ratio of this area to the total area of the square:

$$
P(|X - Y| \leq 5) = \frac{575}{3600} = \frac{23}{144}.
$$

Valid Answers: 23/144",green_book,2026-05-03 19:57:31.564064+00,Visualize the problem in a 2D plane where each axis represents the arrival time of one banker. The condition for them to meet can be represented as a region within this plane. Think about how the total area of possible arrival times compares to the area where their meeting occurs.
128,Applying Ito's Lemma to Analyze a Transformed Brownian Motion,stochastic_calculus,-,"Ito's lemma serves as the stochastic analog of the chain rule in classical calculus. Consider an Ito process X(t) defined by the stochastic differential equation dX(t) = fi(t, X)dt + y(t, X)dW(t), where W(t) is a standard Brownian motion. Let f(X(t), t) be a twice-differentiable function of X(t) and t. Ito's lemma states that the stochastic differential of f(X(t), t) is given by:

$$ df(X(t), t) = \left( \frac{\partial f}{\partial t} + fi(t, X) \frac{\partial f}{\partial X} + \frac{1}{2} y^2(t, X) \frac{\partial^2 f}{\partial X^2} \right) dt + y(t, X) \frac{\partial f}{\partial X} dW(t). $$

A. Let B_t denote a standard Brownian motion and define Z_t = \sqrt{t} B_t. What are the mean and variance of Z_t? Is Z_t a martingale process?

B. Let W(t) be a standard Brownian motion. Is W(t)^3 a martingale process?","A. Since B_t follows a standard Brownian motion, it is normally distributed with mean 0 and variance t, i.e., B_t ~ N(0, t). Given that \sqrt{t} is a constant with respect to t, Z_t = \sqrt{t} B_t is also normally distributed. Specifically, Z_t ~ N(0, t \cdot t) = N(0, t^2). Thus, the mean of Z_t is 0, and its variance is t^2.

To determine whether Z_t is a martingale, we apply Ito's lemma to Z_t = \sqrt{t} B_t. First, note that \sqrt{t} can be expressed as t^{1/2}, so we compute the partial derivatives of Z_t with respect to t and B_t:

$$ \frac{\partial Z_t}{\partial t} = \frac{1}{2} t^{-1/2} B_t, \quad \frac{\partial Z_t}{\partial B_t} = \sqrt{t}, \quad \frac{\partial^2 Z_t}{\partial B_t^2} = 0. $$

Applying Ito's lemma to Z_t = \sqrt{t} B_t, we obtain:

$$ dZ_t = \frac{\partial Z_t}{\partial t} dt + \frac{\partial Z_t}{\partial B_t} dB_t + \frac{1}{2} \frac{\partial^2 Z_t}{\partial B_t^2} dt = \frac{1}{2} t^{-1/2} B_t dt + \sqrt{t} dB_t. $$

The drift term in this expression is \frac{1}{2} t^{-1/2} B_t dt. For Z_t to be a martingale, the drift term must be zero for all t. However, since B_t is not identically zero (with probability 1), the drift term is non-zero. Therefore, Z_t is not a martingale process.

B. To determine whether W(t)^3 is a martingale, we apply Ito's lemma to f(W(t), t) = W(t)^3. First, compute the partial derivatives of f with respect to W(t) and t:

$$ \frac{\partial f}{\partial W} = 3 W(t)^2, \quad \frac{\partial^2 f}{\partial W^2} = 6 W(t), \quad \frac{\partial f}{\partial t} = 0. $$

Applying Ito's lemma to f(W(t), t) = W(t)^3, we obtain:

$$ dW(t)^3 = \left( 0 + 0 \cdot 3 W(t)^2 + \frac{1}{2} \cdot 1 \cdot 6 W(t) \right) dt + 3 W(t)^2 dW(t) = 3 W(t) dt + 3 W(t)^2 dW(t). $$

The drift term in this expression is 3 W(t) dt. For W(t)^3 to be a martingale, the drift term must be zero for all t. However, since W(t) is not identically zero (with probability 1), the drift term is non-zero. Therefore, W(t)^3 is not a martingale process.

Valid Answers: A. Mean: 0, Variance: t^2; Z_t is not a martingale. B. W(t)^3 is not a martingale.",green_book,2026-05-03 19:57:31.564064+00,"Recall that a process is a martingale if its drift term (under Ito's lemma) is zero. For transformed processes like Z_t = sqrt(t) B_t or W(t)^3, compute the drift term explicitly by applying Ito's lemma and checking if it vanishes for all t."
129,Deriving Put-Call Parity for European Options on Non-Dividend Stocks,option_pricing,,"State the put-call parity relationship for European call and put options on a stock that does not pay dividends, where both options share the same underlying asset, strike price K, and expiration date T. Then, provide a proof for this relationship.","For European options on a non-dividend-paying stock, the put-call parity is given by:

$$ c + K e^{-rT} = p + S $$  

where:
- $ c $ is the price of the European call option,
- $ p $ is the price of the European put option,
- $ S $ is the current stock price,
- $ K $ is the strike price,
- $ r $ is the risk-free interest rate,
- $ T $ is the time to maturity.

**Proof:**

Consider two portfolios at time $ t = 0 $:

- **Portfolio A:** A long position in a European call option and a zero-coupon bond with face value $ K $, maturing at $ T $. The cost of this portfolio is $ c + K e^{-rT} $.
- **Portfolio B:** A long position in a European put option and the underlying stock. The cost of this portfolio is $ p + S $.

At maturity $ T $, the payoff of Portfolio A is:
$$ 	ext{max}(S_T - K, 0) + K = 	ext{max}(S_T, K) $$  

At maturity $ T $, the payoff of Portfolio B is:
$$ 	ext{max}(K - S_T, 0) + S_T = 	ext{max}(S_T, K) $$  

Since both portfolios have identical payoffs at maturity and no interim cash flows, the no-arbitrage principle implies that their values at $ t = 0 $ must be equal. Therefore:

$$ c + K e^{-rT} = p + S $$  

**Alternative Insight:**
Rearranging the put-call parity equation yields:
$$ c - p = S - K e^{-rT} $$  

The left-hand side represents a portfolio that is long a call and short a put. Its payoff at maturity is:
$$ 	ext{max}(S_T - K, 0) - 	ext{max}(K - S_T, 0) = S_T - K $$  

This is the payoff of a forward contract with delivery price $ K $. The present value of this forward contract is $ S - K e^{-rT} $, which matches the right-hand side of the equation. This also shows that:
- If $ K = S e^{rT} $ (forward price), then $ c = p $,
- If $ K < S e^{rT} $, the call is more valuable than the put,
- If $ K > S e^{rT} $, the put is more valuable than the call.

**American vs. European Options:**
For American options on a non-dividend-paying stock, the call option should never be exercised early because:
- The call's value is always at least its intrinsic value ($ 	ext{max}(S - K, 0) $),
- The time value of the call is positive (since $ S > 0 $ and $ r > 0 $),
- Early exercise would forfeit the time value, which is never optimal.

Thus, the price of an American call on a non-dividend-paying stock equals the price of an otherwise identical European call.",green_book,2026-05-03 19:57:31.564064+00,"Consider constructing two portfolios with identical payoffs at maturity. Focus on how the payoffs of a call plus a bond compare to those of a put plus the underlying stock, and use the no-arbitrage principle to equate their present values."
130,Analyzing the Efficiency of a Recursive Fibonacci Algorithm,algorithms,,"The following C++ function computes Fibonacci numbers recursively:

```
int Fibonacci(int n)

if      (n   <= 0)
return 0;
else if (n==1)
return 1;
else
return Fibonacci(n-1)+Fibonacci(n-2);
```

Given that computing `Fibonacci(n)` takes 100 seconds for a large value of `n`, how long (in seconds, rounded to the nearest integer) would it take to compute `Fibonacci(n+1)`? Additionally, is this algorithm efficient, and what alternative methods could be used to compute Fibonacci numbers?","The provided recursive implementation of the Fibonacci function has an exponential time complexity due to redundant calculations. The Fibonacci sequence is defined by the recurrence relation:

$$ F_0 = 0, 
F_1 = 1, 
F_n = F_{n-1} + F_{n-2} 	ext{ for } n 	ext{ ≥ 2.} $$

The closed-form expression for the nth Fibonacci number, known as Binet's formula, is:

$$ F_n = \frac{1}{\sqrt{5}} \left( \left( \frac{1 + \sqrt{5}}{2} \right)^n - \left( \frac{1 - \sqrt{5}}{2} \right)^n \right). $$

The recursive function's runtime follows the recurrence:

$$ T(0) = 1, 
T(1) = 1, 
T(n) = T(n-1) + T(n-2) + 1 	ext{ for } n 	ext{ ≥ 2.} $$

For large `n`, the term $\left( \frac{1 - \sqrt{5}}{2} \right)^n$ becomes negligible, so the runtime is asymptotically proportional to the Fibonacci sequence itself. Specifically, the ratio of consecutive runtimes approaches the golden ratio $\phi = \frac{1 + \sqrt{5}}{2}$:

$$ \lim_{n \to \infty} \frac{T(n+1)}{T(n)} = \phi. $$

Given that `T(n) = 100` seconds, the time to compute `Fibonacci(n+1)` is approximately:

$$ T(n+1) \approx \phi \cdot T(n) = \frac{1 + \sqrt{5}}{2} \cdot 100 \approx 161.803 \text{ seconds.} $$

Rounding to the nearest second, it would take **162 seconds** to compute `Fibonacci(n+1)`.

This recursive algorithm is inefficient because its time complexity is exponential, specifically $O(\phi^n)$, due to the repeated computation of the same subproblems. A more efficient approach is to compute Fibonacci numbers iteratively in $O(n)$ time, storing intermediate results to avoid redundancy. An even faster method, known as recursive squaring or matrix exponentiation, achieves $O(\log n)$ time complexity by leveraging the properties of matrix multiplication and exponentiation.

The matrix exponentiation method relies on the identity:

$$ \begin{bmatrix} F_{n+1} & F_n \\ F_n & F_{n-1} 
\end{bmatrix} = \begin{bmatrix} 1 & 1 \\ 1 & 0 
\end{bmatrix}^n. $$

Using divide-and-conquer exponentiation, the matrix can be raised to the power of `n` in $O(\log n)$ time, resulting in an overall time complexity of $O(\log n)$ for computing $F_n$.

Valid Answers: 162",green_book,2026-05-03 19:57:31.564064+00,Consider how the recursive calls in the Fibonacci function overlap and how the runtime grows with each additional step. Think about the relationship between the runtimes for `Fibonacci(n)` and `Fibonacci(n+1)` in terms of the golden ratio.